user_id,recommendations
1,"[5577022, 8293439, 10149640, 9527558, 9297615]"
6,"[6548453, 1098844, 1024306, 878996, 1029743]"
7,"[1106523, 1126899, 993638, 9338009, 1122358]"
8,"[872137, 1040807, 1106523, 1070820, 893018]"
9,"[1056005, 1029743, 1070820, 8019977, 1056509]"
13,"[1029743, 1038985, 1068719, 898466, 862070]"
14,"[1127758, 8090537, 1029743, 901062, 1013928]"
15,"[845208, 1029743, 1070820, 1106523, 1082212]"
16,"[13007710, 1106523, 1029743, 1126899, 1075368]"
18,"[938118, 1053628, 916122, 990797, 835278]"
19,"[1004906, 8090537, 1029743, 8065410, 1044078]"
20,"[1075368, 8090536, 944836, 1126899, 995965]"
22,"[1018339, 1059347, 1082185, 972445, 837304]"
23,"[1075368, 1138858, 1034176, 1051468, 1029743]"
24,"[9835619, 870547, 1016800, 1008814, 926905]"
25,"[5568378, 929018, 1029743, 866211, 1075786]"
26,"[1022254, 896862, 933067, 1029743, 901062]"
27,"[1101589, 963686, 883186, 9419470, 12599756]"
28,"[940947, 6533368, 854900, 992730, 1079878]"
29,"[910473, 849202, 930283, 943169, 851569]"
30,"[1029743, 1106523, 933835, 899624, 1126899]"
31,"[864279, 901062, 971922, 1040807, 866211]"
32,"[1003649, 1094924, 8293447, 901062, 1104343]"
33,"[12810472, 1029743, 8090537, 1106523, 983584]"
34,"[1044078, 1106523, 829722, 830203, 909268]"
35,"[6464165, 1126899, 1029743, 940947, 953539]"
36,"[849578, 1029743, 1024306, 969568, 865705]"
37,"[1097001, 916990, 1056212, 1067695, 1127716]"
39,"[1127716, 13158992, 1126899, 880050, 923789]"
40,"[928263, 1082141, 944836, 1083043, 1055504]"
41,"[9419888, 12262830, 12810393, 1126899, 6961848]"
42,"[5995177, 6602697, 1112766, 1031087, 946839]"
43,"[1029743, 1004906, 1014292, 6533878, 958067]"
46,"[1127831, 1029743, 8090537, 899624, 1098844]"
47,"[986912, 5568489, 872137, 1044078, 8090537]"
49,"[1070820, 1139782, 5569471, 1004906, 1027168]"
52,"[1116020, 880427, 1081177, 995478, 865705]"
53,"[6034857, 1087102, 5569471, 833940, 902238]"
55,"[1097280, 1028422, 1116589, 853998, 914318]"
56,"[9803545, 9655212, 979707, 963835, 5569230]"
57,"[986912, 1004906, 5568197, 965766, 959316]"
58,"[944836, 1098844, 1104343, 1068719, 985999]"
59,"[1106523, 902172, 1022254, 1053016, 912451]"
63,"[897733, 1029743, 1070820, 8090521, 1106523]"
64,"[1131344, 1106523, 999270, 1093413, 949023]"
65,"[965766, 986912, 1070820, 1029743, 902172]"
67,"[1098844, 1029743, 899624, 971922, 1138443]"
68,"[1029743, 1101010, 1004906, 883932, 916122]"
69,"[1044078, 1004906, 944137, 933067, 12301109]"
70,"[1106523, 940947, 933835, 1029743, 1126899]"
71,"[1056509, 866211, 973135, 926905, 899624]"
72,"[1070820, 991874, 1120928, 1070702, 865705]"
75,"[1029743, 1127831, 1075368, 1126899, 5569230]"
77,"[1106523, 1126899, 849578, 899624, 1055425]"
78,"[6773232, 1067779, 1082185, 952972, 1039627]"
79,"[1103513, 1022254, 1070820, 1068719, 899624]"
80,"[1055504, 835098, 1082185, 913210, 1044078]"
81,"[1029743, 971922, 1132771, 8090537, 1137775]"
82,"[1084036, 847573, 849202, 880150, 1029743]"
83,"[12692332, 1037332, 879393, 1138631, 899624]"
84,"[829722, 5569374, 920025, 901061, 903529]"
85,"[5567702, 8090537, 1028891, 1139782, 1067695]"
86,"[865026, 854852, 9707240, 1056509, 1029743]"
87,"[1079528, 1008820, 8293385, 1083043, 1108963]"
88,"[1075368, 929018, 893018, 1044078, 8090521]"
91,"[1029743, 1106523, 1072693, 1110409, 851394]"
92,"[12946027, 871061, 1126899, 957232, 845208]"
94,"[1029743, 1117899, 1065979, 823862, 999250]"
95,"[8090532, 8090521, 1088771, 1029743, 885863]"
97,"[1075368, 999270, 896862, 999858, 6034857]"
98,"[1091858, 847241, 9333437, 1042544, 12812474]"
99,"[1126899, 1029743, 5568378, 6034857, 961979]"
101,"[1106523, 839243, 899624, 933835, 880150]"
103,"[1106523, 1029743, 908314, 1079228, 983584]"
104,"[919534, 1029743, 1098844, 1123022, 882604]"
105,"[1004906, 1106523, 940947, 883068, 965766]"
106,"[5569230, 910473, 1121393, 834117, 5583751]"
109,"[8290421, 835098, 12731436, 1046756, 862682]"
110,"[1022254, 871756, 1044078, 1068719, 5592931]"
111,"[1106523, 1004906, 1044078, 854754, 909268]"
112,"[9527159, 1105615, 910473, 9803545, 12301784]"
113,"[1098844, 1070820, 976199, 909268, 948086]"
114,"[948670, 1029743, 5568489, 7025203, 1070820]"
115,"[963971, 983584, 1018007, 910032, 918598]"
116,"[1106523, 1104343, 1019637, 1126899, 1070820]"
117,"[852360, 928589, 948670, 1105488, 940947]"
118,"[1082185, 13381584, 1083043, 1048257, 893018]"
119,"[1029743, 903800, 890695, 6514160, 866211]"
121,"[1029743, 1035676, 865456, 1122358, 1051211]"
122,"[1086119, 940947, 1070272, 1116635, 851528]"
123,"[1029743, 1119761, 916122, 1056509, 12301405]"
125,"[1029743, 883003, 844179, 834117, 5585510]"
127,"[1029743, 1106523, 899624, 1075368, 1026118]"
128,"[1082185, 1029743, 850028, 833866, 1098248]"
131,"[1029743, 1075214, 1044188, 933067, 871756]"
132,"[1126899, 999198, 854852, 1026118, 870428]"
133,"[1029743, 901062, 1022254, 835098, 1115098]"
135,"[852360, 918150, 933835, 829950, 898121]"
136,"[8090537, 865511, 1106523, 8090521, 1056509]"
138,"[1101706, 976199, 1126899, 983584, 1070820]"
139,"[1082185, 866211, 9673830, 1126899, 8090521]"
142,"[1013826, 1082212, 944588, 13877192, 997011]"
143,"[1106523, 1029743, 910032, 937292, 999270]"
151,"[916122, 1106523, 848029, 1126899, 1105917]"
153,"[897954, 1006063, 916122, 1086061, 939636]"
156,"[911311, 1070820, 1006184, 907631, 940947]"
157,"[949294, 1126899, 1070820, 1013531, 9575582]"
158,"[997423, 12731714, 13381584, 1092303, 889533]"
159,"[1131344, 1004906, 846823, 1106523, 1068719]"
160,"[1070820, 933835, 1135834, 1087102, 833598]"
161,"[12352054, 1092937, 6463742, 5591083, 1051323]"
162,"[1022428, 1070820, 6034857, 7139529, 1122358]"
164,"[970605, 1029743, 1087102, 957736, 1132771]"
166,"[1029743, 1075368, 1101010, 844179, 933835]"
167,"[9297151, 1006063, 914577, 841220, 1100972]"
171,"[1004906, 1044078, 899624, 995876, 1137273]"
172,"[829722, 5569230, 1118046, 891632, 12810393]"
178,"[967461, 963686, 1040807, 1116376, 1056005]"
183,"[8090440, 1106523, 1125278, 983584, 925862]"
184,"[848319, 896085, 9835509, 1075368, 6534229]"
185,"[8090537, 1068719, 1056509, 1029743, 1081177]"
188,"[1106523, 983584, 1127758, 1056509, 1044078]"
191,"[1106523, 1029743, 971159, 890407, 819845]"
192,"[5569230, 9245106, 1029743, 9835509, 1082212]"
193,"[8090537, 1029743, 960613, 1106523, 990797]"
194,"[845208, 912004, 871756, 879506, 854852]"
195,"[1062128, 1062002, 1029743, 890695, 940947]"
196,"[926905, 1106523, 1081177, 1000753, 5569230]"
197,"[1126899, 9881593, 1075979, 1075214, 1042438]"
198,"[1106523, 1068719, 5570383, 1012587, 899624]"
199,"[13842100, 1098694, 1135195, 1082212, 1029685]"
200,"[6533843, 823990, 839248, 5568378, 871514]"
201,"[6034857, 1103476, 5567502, 1138292, 5569327]"
203,"[1029743, 880150, 1004906, 901776, 1008547]"
204,"[1070820, 1040807, 1097635, 844179, 1043338]"
205,"[5569230, 1082185, 1106523, 1072523, 1026118]"
208,"[885290, 8065410, 846823, 999270, 880150]"
209,"[1132771, 899624, 963971, 1040807, 896613]"
210,"[999779, 6034857, 910473, 1051323, 1004906]"
211,"[998444, 847962, 1006878, 832678, 945662]"
212,"[8090521, 1070820, 1004906, 1072917, 866211]"
214,"[13213453, 1005274, 1019643, 999104, 901062]"
215,"[985999, 916993, 879699, 938300, 6391089]"
216,"[6533936, 986912, 974156, 1040807, 993638]"
217,"[1018740, 895930, 12731714, 986912, 916122]"
218,"[965772, 878715, 1077133, 1097001, 895295]"
219,"[5568447, 5569374, 1127831, 916758, 866211]"
220,"[839419, 866211, 1004906, 1068719, 926905]"
221,"[1130452, 6424460, 9655482, 976199, 872382]"
222,"[866211, 878996, 1105488, 999779, 993638]"
224,"[899624, 850925, 1106523, 823704, 1056509]"
225,"[1029743, 1043663, 987122, 850601, 6463742]"
226,"[1029743, 977798, 957232, 933067, 937292]"
227,"[890955, 864658, 1029743, 1106523, 912860]"
228,"[1139782, 1126899, 1121393, 885290, 1127831]"
230,"[1044078, 1029743, 1004906, 913210, 1128240]"
232,"[1029743, 1016800, 913210, 1068719, 907631]"
233,"[1122568, 1029743, 933835, 1106523, 1070820]"
235,"[1070820, 1055425, 983584, 1062128, 916122]"
236,"[1014948, 1029743, 1069312, 1022254, 989069]"
239,"[1044078, 13115501, 946793, 835098, 1004906]"
242,"[1029743, 1081177, 999104, 854852, 1138487]"
243,"[1126899, 6633342, 991223, 909714, 1135044]"
244,"[1006184, 896757, 1131115, 8090537, 892314]"
245,"[12731517, 1132771, 972416, 1044078, 1106523]"
246,"[1106523, 870614, 941368, 1029743, 1065061]"
247,"[8090537, 901062, 9419487, 1076056, 832678]"
248,"[1029743, 1126899, 5568378, 883003, 913210]"
249,"[1044078, 1029743, 965766, 916122, 1068719]"
250,"[8090537, 9835509, 1029743, 923169, 5592094]"
251,"[965693, 1070820, 848029, 1029743, 1040807]"
253,"[1106523, 5568378, 1022254, 965693, 12731544]"
254,"[862535, 1106523, 1126899, 1029743, 1070820]"
256,"[1111786, 1075368, 7025326, 5568378, 12987976]"
257,"[1106523, 1038663, 1093413, 999779, 899624]"
258,"[1126899, 1070820, 1044078, 1029743, 1054262]"
259,"[1062128, 1087605, 8090537, 1071594, 1139023]"
260,"[1106523, 1029743, 1126899, 992765, 925694]"
262,"[1008814, 1004906, 1132771, 1040807, 926905]"
263,"[1029743, 831063, 1081177, 1044078, 9836106]"
267,"[901976, 929373, 1029743, 8090537, 902172]"
269,"[1139782, 1004906, 899624, 12731544, 965530]"
271,"[849202, 1029743, 941198, 1106523, 1118033]"
273,"[1043663, 865456, 12301109, 6534480, 933067]"
275,"[1106523, 918638, 1051516, 999104, 854852]"
276,"[1029743, 991223, 8090521, 944534, 12810391]"
278,"[854405, 902172, 917384, 971922, 1067695]"
280,"[1044078, 1106523, 999270, 986912, 12731544]"
281,"[1070820, 854852, 999104, 1099905, 1104343]"
282,"[1123022, 957736, 1029743, 9677466, 948832]"
283,"[7409644, 916122, 1070820, 1108094, 1138443]"
285,"[1064574, 1013389, 899624, 1081177, 1000753]"
286,"[1115069, 957951, 834117, 966684, 1055504]"
287,"[1106523, 1128240, 10149640, 1004906, 872137]"
288,"[1082185, 1098844, 1026118, 901062, 899624]"
289,"[1104343, 976199, 1042765, 858439, 925862]"
290,"[1029743, 1038663, 5568378, 885863, 907631]"
291,"[1106523, 911311, 1051211, 1016800, 983584]"
292,"[8090536, 913210, 961730, 1013928, 7154535]"
294,"[9245108, 905087, 1106523, 861279, 983584]"
297,"[1029743, 8090537, 1043920, 1044078, 12648296]"
300,"[1106523, 1029743, 1056509, 866211, 871756]"
301,"[1044078, 1094924, 844179, 874972, 999270]"
302,"[10344586, 892531, 998119, 907631, 1115175]"
303,"[822225, 895930, 969568, 8090509, 1082141]"
304,"[1082185, 1029743, 1106523, 8090509, 854405]"
305,"[8090532, 1133850, 989069, 1043494, 1034176]"
306,"[1104343, 937292, 1069003, 1067779, 913210]"
307,"[1065259, 1074040, 961979, 1019637, 945909]"
308,"[13841744, 6904613, 821741, 911401, 862010]"
311,"[1106523, 1029743, 6034857, 854852, 907099]"
314,"[1053628, 1130858, 844179, 820486, 1053754]"
316,"[1025611, 5568378, 999779, 825365, 1122358]"
317,"[1029743, 983584, 8090521, 916122, 12757140]"
318,"[5569230, 7025203, 1106523, 1029743, 1076056]"
321,"[5567702, 901062, 944836, 1056509, 1126899]"
322,"[1070820, 8090532, 8090556, 1006342, 901062]"
324,"[1098844, 13007846, 824305, 1070820, 5570383]"
325,"[1029743, 976199, 948953, 872137, 965679]"
326,"[8090521, 1029743, 8090537, 1075368, 1070820]"
328,"[9835509, 1070820, 1092303, 878996, 940947]"
329,"[878996, 944836, 1105488, 901062, 1127831]"
331,"[1044188, 1051211, 1029743, 1106523, 1070820]"
332,"[9245106, 1056267, 1029743, 1070820, 901062]"
334,"[1029743, 1106523, 986912, 1082185, 1087102]"
338,"[1026118, 1106523, 1029743, 1082185, 1042907]"
339,"[1106523, 1029743, 5592931, 1056509, 913210]"
342,"[1029743, 1070820, 910032, 899624, 1044078]"
343,"[5568489, 872137, 1075175, 8090537, 956902]"
345,"[1137775, 6602697, 1029743, 899624, 5568378]"
346,"[1029743, 912704, 9245108, 835098, 907625]"
348,"[1056509, 1068719, 1131344, 1024306, 5568378]"
349,"[844179, 1106523, 1029743, 854852, 1044078]"
350,"[9833277, 883003, 885697, 1087102, 1106523]"
351,"[861279, 865456, 1106523, 894439, 12301100]"
353,"[901062, 866211, 909714, 899624, 880150]"
354,"[1008814, 1041796, 940947, 916122, 1115175]"
356,"[1049735, 834117, 903602, 913210, 1099905]"
358,"[5568489, 1106523, 5569230, 1068719, 1044078]"
360,"[5568378, 1106523, 903183, 1029743, 825703]"
361,"[1106523, 933835, 865456, 1043751, 1044078]"
362,"[1128395, 12731714, 1081533, 986912, 1126045]"
365,"[955275, 1136719, 949784, 943169, 953561]"
367,"[833724, 1076769, 1070820, 9524291, 1047769]"
371,"[844179, 1029743, 1135258, 890695, 901062]"
374,"[1029743, 1108094, 910032, 990797, 1081177]"
375,"[8090532, 1029743, 8090537, 8090521, 1070820]"
376,"[1044078, 965766, 999270, 844179, 896862]"
377,"[12302069, 1029743, 1082185, 994223, 1126899]"
378,"[848783, 916990, 1136719, 13213475, 967461]"
380,"[965766, 1106523, 899624, 1041796, 1004906]"
381,"[1075368, 1029743, 983584, 1037840, 1040807]"
384,"[1075368, 854405, 1055504, 999090, 972445]"
385,"[8065410, 6034857, 933835, 5591520, 1087102]"
386,"[1083787, 1044078, 1029743, 12302069, 986912]"
387,"[1126899, 916122, 1009719, 999090, 933835]"
388,"[1029743, 1079338, 849274, 1106523, 1069582]"
389,"[1126899, 8090536, 1022254, 12301073, 1122358]"
390,"[5569230, 1058243, 993638, 888543, 1072693]"
392,"[1106523, 916122, 963835, 1022254, 832678]"
393,"[1029743, 831628, 896613, 1068719, 1013928]"
394,"[835098, 901062, 1029743, 1026118, 1070820]"
395,"[1029743, 858439, 6391152, 827667, 957951]"
396,"[879031, 1126899, 6034857, 1004906, 1075368]"
397,"[6904613, 892573, 1126899, 1043787, 1128016]"
398,"[1022097, 1029743, 5981072, 1131344, 1037840]"
400,"[1029743, 5567702, 963835, 8090536, 1037840]"
401,"[1070272, 942166, 1127758, 965766, 866211]"
402,"[853448, 819978, 1040807, 892573, 1021519]"
404,"[9392953, 1092588, 1004906, 992986, 946995]"
405,"[1087102, 1101010, 899624, 916122, 948670]"
406,"[1029743, 999270, 1127831, 1070820, 1043787]"
409,"[979707, 1070820, 999858, 8090513, 1026118]"
410,"[948650, 899624, 1022254, 862335, 850925]"
411,"[1106523, 1029743, 1082185, 5585510, 1050851]"
412,"[12428436, 1005274, 986912, 1076199, 865456]"
413,"[986912, 970160, 5568606, 1106523, 1082185]"
414,"[1029743, 872066, 940947, 12349795, 12810422]"
415,"[864893, 1029743, 8090537, 1070820, 1044078]"
417,"[1082185, 12301109, 903800, 1029743, 1042438]"
418,"[13190349, 852360, 1029743, 9677236, 1135834]"
421,"[1029743, 976199, 1126899, 1068719, 1070820]"
425,"[969568, 1070820, 871756, 1044078, 1029743]"
426,"[14106445, 1011926, 848319, 854754, 972665]"
427,"[1082185, 12673354, 912704, 1029743, 968164]"
430,"[6534330, 1106523, 1070845, 1070820, 1029743]"
432,"[1044078, 1004906, 961979, 1029743, 916122]"
433,"[1106523, 1082185, 849003, 1029743, 925862]"
434,"[837751, 919534, 1068719, 12301100, 1046587]"
435,"[8090537, 1117514, 1029743, 1106523, 8090536]"
437,"[9884698, 944534, 913210, 1106523, 948670]"
438,"[9881593, 8065410, 6034857, 899624, 951197]"
441,"[6533681, 1124971, 1001412, 1038985, 933835]"
442,"[976199, 835098, 948670, 1126899, 849202]"
443,"[899624, 9396705, 1106523, 1070820, 6533362]"
447,"[1051211, 896862, 999270, 870390, 1029743]"
449,"[1034176, 1029743, 1054567, 986021, 1007259]"
450,"[1024051, 863762, 8015407, 933835, 986912]"
451,"[934639, 1105488, 1068292, 1070820, 1062002]"
454,"[1029743, 5569230, 916122, 1068719, 1044078]"
457,"[1029743, 1106523, 1122358, 871756, 957063]"
458,"[5569230, 828588, 12810391, 12810422, 993638]"
459,"[863762, 885290, 1029743, 1070820, 986912]"
460,"[885939, 873085, 9835960, 873902, 1032733]"
461,"[1050851, 1004906, 918684, 897954, 839419]"
462,"[999858, 1137775, 999104, 7024871, 1018740]"
463,"[1106523, 1082185, 12262978, 12810393, 901062]"
464,"[993638, 13877192, 1056509, 883003, 865456]"
466,"[1044078, 1025611, 1029743, 916122, 1126899]"
467,"[1106523, 865456, 913210, 834117, 1068719]"
468,"[1106523, 1082185, 883202, 965766, 1098284]"
469,"[883202, 6548453, 1098435, 951412, 1128016]"
470,"[986596, 1119784, 871633, 908314, 908217]"
474,"[950206, 1029743, 9835903, 942525, 1123842]"
479,"[910032, 1106523, 1037840, 12810393, 965766]"
480,"[1004906, 857503, 854754, 833940, 1047769]"
483,"[1106523, 5981074, 1122358, 5568721, 1068719]"
484,"[10198402, 1044759, 1050851, 1062002, 990256]"
485,"[1029743, 1067779, 7168431, 972665, 862799]"
487,"[1106523, 1029743, 1126899, 933835, 8090537]"
489,"[986912, 1019247, 862010, 1043787, 916993]"
491,"[976199, 1056509, 951412, 6533936, 1055504]"
493,"[1029743, 1036347, 839656, 951197, 1093697]"
495,"[12810391, 1029743, 913210, 1106523, 899624]"
497,"[1106523, 1070820, 1029743, 1105301, 978343]"
502,"[983584, 1068719, 1029743, 999270, 1004906]"
503,"[1127716, 1072693, 1070820, 985999, 8090536]"
505,"[1029743, 1106523, 1070820, 1126899, 962991]"
506,"[1035676, 1063577, 1062128, 9677236, 879280]"
507,"[1014948, 1037332, 971922, 855488, 959316]"
510,"[1070820, 1003649, 929018, 12301109, 833724]"
511,"[1116635, 1029743, 1128240, 983584, 12301100]"
513,"[5569471, 1034176, 1120928, 1093413, 865026]"
514,"[1105488, 1127831, 866211, 901062, 1126786]"
515,"[999714, 1106523, 1070702, 896862, 999270]"
517,"[1126899, 901062, 1062128, 1098844, 976199]"
518,"[952408, 1137775, 1038985, 1056509, 1106523]"
520,"[8090537, 1104343, 913210, 1106523, 1068719]"
521,"[1029743, 899624, 1126899, 1106523, 919681]"
523,"[9803601, 898121, 884686, 844179, 904815]"
524,"[1106523, 888586, 1082185, 1058214, 880234]"
525,"[1029743, 1014948, 1106523, 1070820, 1104343]"
526,"[913210, 834117, 1029743, 5569230, 983584]"
527,"[12987976, 5567582, 6514259, 1131321, 1046584]"
534,"[1124695, 893362, 1106523, 1097661, 832678]"
537,"[1116635, 1126899, 1098435, 8090537, 8293385]"
538,"[1070820, 1062128, 1098844, 1082212, 5568378]"
539,"[878715, 1006184, 916122, 8014645, 1044078]"
540,"[12384779, 5569993, 841016, 1068719, 916122]"
542,"[1068719, 1106523, 1050851, 1082990, 824796]"
543,"[820486, 822517, 879734, 1134296, 1134821]"
544,"[1126899, 1006184, 958647, 1003616, 1004906]"
545,"[1040807, 986912, 1127831, 1006063, 1055504]"
548,"[1098435, 854852, 885406, 8090521, 1094924]"
553,"[1029743, 1087102, 849202, 1040807, 931255]"
554,"[1106523, 1034886, 946839, 1072086, 867785]"
557,"[10285296, 1126899, 878996, 917772, 834117]"
558,"[1106523, 933067, 893018, 896862, 1004906]"
560,"[1029743, 957063, 1104414, 999104, 933835]"
562,"[852856, 1115069, 1029743, 854405, 862799]"
564,"[844179, 1009977, 906335, 882489, 925862]"
567,"[1044078, 986912, 1070702, 844179, 999858]"
568,"[1106523, 1104649, 1012587, 1083787, 1127758]"
569,"[921406, 6391080, 981677, 12428017, 1029743]"
574,"[1029743, 978906, 1083446, 989069, 891505]"
575,"[1106523, 12648296, 8090536, 1000237, 999779]"
577,"[1046957, 1110244, 1070820, 885697, 1056509]"
578,"[847207, 935578, 887102, 942166, 865705]"
580,"[1118946, 13115898, 12731544, 966348, 1041796]"
581,"[1126899, 983584, 1029743, 976199, 1070820]"
582,"[1021324, 854852, 995628, 1004906, 1029743]"
583,"[12302069, 1037840, 1013928, 1122358, 880150]"
586,"[1029743, 860703, 1004906, 906335, 865456]"
587,"[933835, 1106523, 1029743, 899624, 1126899]"
588,"[1106523, 866211, 933835, 866355, 907631]"
590,"[1139216, 6463775, 916122, 899624, 1106523]"
591,"[1106523, 9245106, 933067, 854852, 12262778]"
593,"[1106523, 846760, 1104027, 853998, 984575]"
594,"[957232, 1106523, 1051211, 1044078, 1122358]"
595,"[1106523, 1013389, 8090537, 922561, 971922]"
596,"[1068719, 1106523, 8090521, 8090537, 5569845]"
598,"[1106523, 9553048, 12731544, 829852, 9553382]"
600,"[1046587, 1029743, 1021324, 863447, 1070702]"
602,"[1029743, 1021116, 1027168, 833940, 944139]"
603,"[1029743, 1006184, 933067, 909268, 937292]"
604,"[7441668, 914577, 1029743, 909714, 865026]"
605,"[948670, 965772, 1106523, 1055425, 1126899]"
606,"[1029743, 970160, 1005274, 964520, 1045586]"
608,"[1106523, 863762, 941856, 910673, 907631]"
609,"[1106523, 938596, 958647, 1036939, 8090537]"
611,"[1029743, 1122358, 1131344, 854900, 1038985]"
612,"[1029743, 1082454, 839656, 871061, 1103476]"
614,"[1029743, 982955, 965766, 952408, 859426]"
615,"[1029743, 844179, 933835, 1004906, 1007512]"
618,"[1106523, 1070820, 899624, 891505, 1037840]"
621,"[1112825, 7024871, 13506200, 844179, 943362]"
622,"[1106523, 1038663, 986912, 1068719, 12302069]"
623,"[1029743, 1087102, 883003, 865456, 1038985]"
624,"[12302069, 1106523, 5592931, 5590613, 899624]"
630,"[6464147, 1138631, 1070820, 6443350, 880895]"
631,"[839485, 999270, 841309, 1004906, 852856]"
632,"[1029743, 1070820, 916122, 1122358, 1043751]"
633,"[12988031, 1029743, 8090537, 1075368, 833940]"
636,"[5592931, 1022254, 1029743, 899624, 5981074]"
637,"[926905, 1037840, 1043494, 1106523, 1103105]"
638,"[1059347, 1029743, 919534, 887503, 1105488]"
641,"[1126899, 1070820, 1068719, 1104349, 910473]"
643,"[6534035, 901062, 944534, 1093571, 925862]"
644,"[1005274, 834117, 1027168, 821200, 1004906]"
647,"[1029743, 8090537, 8090521, 899624, 8090536]"
648,"[899624, 839419, 854852, 1026118, 857503]"
652,"[1121059, 890610, 1051211, 1065061, 832678]"
653,"[5569230, 1081177, 979707, 866211, 1132771]"
654,"[864893, 933835, 1040807, 856252, 1098284]"
655,"[901976, 833940, 1044078, 1029743, 1068719]"
659,"[844179, 863447, 944534, 1044078, 985999]"
660,"[1126899, 916122, 904236, 1067749, 1043787]"
661,"[13158064, 1004596, 904359, 1055403, 5568721]"
662,"[1070272, 983584, 916758, 1103105, 8090537]"
663,"[1082185, 945662, 1106523, 1006184, 967461]"
665,"[847529, 875089, 1029743, 1088771, 1131344]"
666,"[972235, 1106523, 1089066, 1016276, 967461]"
667,"[1022254, 908318, 880150, 1004906, 906838]"
668,"[940947, 1022254, 844179, 8090536, 8090537]"
669,"[1082185, 880427, 878996, 1126899, 971922]"
670,"[1029743, 899115, 857503, 885406, 971922]"
671,"[847434, 1029743, 1056509, 1074754, 1059902]"
672,"[983584, 1122358, 8090537, 891516, 12810393]"
673,"[1029743, 1043730, 906838, 1106523, 1068719]"
674,"[1122358, 1029743, 865456, 878996, 908318]"
675,"[1106523, 940023, 1022254, 1121384, 870547]"
676,"[1013928, 899624, 1081177, 1106523, 1070702]"
680,"[8090513, 8090521, 1050482, 854852, 12301109]"
681,"[872066, 850102, 882604, 856252, 890695]"
684,"[957232, 1106523, 847207, 901067, 1072523]"
685,"[847573, 1015539, 6534578, 6534077, 1044078]"
687,"[1029743, 1106523, 5569230, 8090545, 12810393]"
690,"[1088771, 1037840, 976199, 1029743, 896085]"
692,"[9836526, 1104343, 1019643, 972416, 1135834]"
693,"[1044188, 1104349, 1070820, 1029743, 6534480]"
694,"[1037840, 1043730, 1029743, 898466, 961979]"
695,"[1029743, 933835, 899624, 1115175, 13039088]"
696,"[976199, 863885, 983584, 841220, 1126899]"
697,"[995965, 1070820, 916122, 884686, 1106271]"
698,"[1106523, 1029743, 1026118, 858439, 957232]"
699,"[1029743, 899624, 917033, 1043751, 999104]"
700,"[1029743, 1106523, 1037840, 863447, 1044078]"
701,"[5569230, 839656, 5585510, 5569374, 835098]"
702,"[1029743, 899624, 8020234, 989069, 1056509]"
703,"[1059347, 916575, 8090546, 9884484, 5578547]"
705,"[1029743, 1106523, 995505, 13654702, 12757316]"
706,"[933835, 1040807, 1029743, 835098, 976199]"
707,"[1029743, 5569471, 1098844, 1044078, 999858]"
708,"[1029743, 901062, 866211, 1004906, 916122]"
709,"[1075368, 1106523, 5585510, 9833277, 1123022]"
710,"[1106523, 13381584, 922636, 1068719, 1044078]"
711,"[1037840, 983584, 1068719, 907099, 975649]"
712,"[963835, 1070820, 7168026, 872137, 899624]"
713,"[5569230, 1106523, 1029743, 12757316, 854852]"
714,"[12301109, 1082185, 899624, 944534, 999858]"
715,"[1087102, 1040807, 885863, 1044078, 999858]"
716,"[1105917, 1092588, 916122, 999858, 961021]"
717,"[1106523, 940947, 1029743, 1126899, 916122]"
718,"[1029743, 1068719, 963971, 5585510, 910032]"
719,"[895930, 1026946, 1040807, 933835, 1043751]"
720,"[1115069, 1056212, 5568758, 909744, 1055504]"
721,"[1126899, 883616, 878775, 13381584, 1014948]"
722,"[1106523, 916122, 925854, 902172, 1126899]"
723,"[909268, 999104, 995965, 1070820, 841220]"
725,"[5569327, 899624, 871756, 1106523, 893018]"
727,"[5568729, 1099089, 1123022, 1106523, 1029743]"
728,"[1029743, 976199, 844179, 899624, 916122]"
729,"[1029743, 1004906, 933835, 940947, 901062]"
730,"[1126899, 1122358, 954347, 1135834, 927382]"
731,"[1029743, 1070820, 916990, 1059902, 5568489]"
733,"[5569471, 5566472, 1036939, 7443137, 1106523]"
734,"[6391381, 970160, 1029743, 1055504, 1116050]"
735,"[1082185, 1106523, 1072523, 1041796, 901062]"
736,"[955921, 1029743, 845208, 1106271, 1105917]"
740,"[1022254, 916122, 1018740, 956672, 944534]"
741,"[13213604, 976199, 999858, 916122, 874972]"
742,"[1106523, 1114653, 1027168, 1037840, 899624]"
743,"[1106523, 1044188, 1022254, 871756, 1128240]"
744,"[1051323, 1056509, 899624, 1044078, 1038663]"
745,"[1109014, 854852, 1070272, 8069350, 13381584]"
747,"[8090537, 8090509, 1037332, 1128240, 1042438]"
750,"[907631, 1029743, 1106523, 1126899, 971709]"
752,"[986912, 1132771, 1075368, 835098, 1098844]"
753,"[899459, 1029743, 923789, 1009187, 1026118]"
754,"[841584, 901062, 1005274, 969403, 909714]"
755,"[10149640, 1137775, 971922, 933835, 5591520]"
757,"[883932, 907631, 1044078, 5569230, 1034176]"
759,"[1043084, 906844, 832968, 1000237, 1036347]"
761,"[976199, 1029743, 1106523, 1068719, 909714]"
762,"[986912, 5569471, 12810393, 938319, 5568378]"
764,"[1029743, 878996, 965766, 1106523, 1004906]"
766,"[848319, 1026118, 901062, 916990, 1070820]"
767,"[1042571, 933067, 825343, 983584, 1004906]"
768,"[1029743, 1081177, 9526572, 913210, 922636]"
769,"[8293447, 1070272, 1106523, 1126899, 1029743]"
770,"[1029743, 1075368, 1044078, 5591170, 1042438]"
771,"[1022066, 1040807, 933835, 976199, 1004906]"
773,"[835973, 938300, 948086, 1092588, 909714]"
776,"[1082185, 12810393, 1029743, 1040807, 1022254]"
777,"[1132771, 6533608, 862725, 1028891, 1046816]"
779,"[1075368, 1009187, 1068719, 849202, 1040807]"
781,"[1001277, 5578437, 910673, 854405, 871061]"
784,"[5569230, 1068719, 983584, 1105917, 1139782]"
786,"[5569230, 1106523, 878715, 862799, 989069]"
787,"[1079528, 857538, 999104, 1104414, 1021324]"
788,"[899624, 1044078, 1029743, 1101010, 5568378]"
789,"[1029743, 8119302, 1126899, 9296919, 976199]"
790,"[1029743, 878996, 5569230, 8181555, 8090537]"
793,"[8090565, 8090545, 947201, 1106523, 1029743]"
794,"[1051211, 857503, 835098, 933835, 865026]"
796,"[969866, 1106523, 1029743, 1055504, 1126899]"
798,"[13841744, 1126899, 6463742, 9655679, 1048068]"
799,"[1126899, 1056509, 863447, 854405, 913210]"
800,"[9677236, 923670, 911974, 1104343, 860703]"
801,"[9884698, 9245106, 1082185, 976199, 1029743]"
803,"[5569230, 1104649, 1106523, 884089, 1123022]"
804,"[1013928, 957063, 1029743, 933835, 1128240]"
805,"[1029743, 1044188, 949023, 982469, 899624]"
806,"[1082185, 5592610, 8090536, 5569471, 8090532]"
807,"[6034857, 965530, 1029743, 8090653, 1126899]"
808,"[1029743, 1068719, 986912, 916122, 1008814]"
811,"[1029743, 893018, 901062, 1083446, 1126890]"
813,"[896862, 1050851, 883932, 951412, 880427]"
816,"[13213475, 901062, 1075368, 1054539, 1029743]"
817,"[1082185, 904574, 1092588, 1070820, 866211]"
818,"[1029743, 1096261, 1051211, 1030981, 1137775]"
820,"[1037840, 8090509, 1106523, 5568489, 1029743]"
823,"[947798, 998119, 1018007, 986912, 899624]"
824,"[1106523, 1086061, 1016800, 1068719, 960732]"
825,"[913210, 854852, 1126899, 9835509, 976199]"
826,"[12384431, 986869, 1106523, 1075368, 1126899]"
829,"[933835, 1018740, 1104414, 960791, 1137775]"
831,"[1069003, 1083787, 916122, 856252, 999714]"
836,"[990869, 851287, 1037840, 878715, 916993]"
840,"[1029743, 1060408, 1135258, 1008547, 1038985]"
841,"[1044078, 1128240, 916122, 863447, 844179]"
842,"[1029743, 899624, 9245108, 1038663, 861279]"
844,"[923670, 9835509, 1127831, 1027168, 5566472]"
845,"[8090533, 8090537, 825994, 944836, 1021116]"
846,"[829291, 890695, 1004906, 907631, 896085]"
847,"[1121694, 963835, 1016276, 1008074, 1062128]"
850,"[957232, 823990, 1004906, 1018740, 986912]"
852,"[1070820, 1126899, 1106523, 999104, 901776]"
853,"[871722, 9859017, 951412, 970202, 961979]"
854,"[1106523, 945998, 1029743, 949965, 1126899]"
855,"[1029743, 1098844, 1112238, 6533936, 963868]"
856,"[10341855, 1029743, 1022254, 1068719, 9419487]"
857,"[6704207, 922561, 1040807, 5569230, 936355]"
858,"[1106523, 1126899, 1070820, 912704, 1029743]"
859,"[1075368, 883932, 1132771, 1042438, 832678]"
862,"[1103629, 1037840, 901062, 999270, 1029743]"
863,"[5569135, 916122, 1037337, 986912, 5592931]"
864,"[8090521, 1029743, 899624, 1132771, 883003]"
865,"[1106523, 6443332, 1075368, 1036347, 899624]"
866,"[1106523, 899624, 983584, 863447, 1044078]"
867,"[5569230, 1075368, 983584, 866211, 825365]"
868,"[9884484, 912704, 834117, 913210, 916993]"
869,"[5592931, 5565612, 913210, 969568, 1127758]"
871,"[1029743, 823704, 913210, 897083, 5563693]"
875,"[1126899, 836085, 947875, 971983, 899624]"
876,"[1003649, 885863, 839419, 916993, 916122]"
877,"[1126899, 871061, 1055504, 8090509, 10149640]"
878,"[846823, 947798, 1131344, 1106523, 838186]"
879,"[862682, 916122, 8090536, 880150, 5577022]"
880,"[1106523, 846202, 940947, 933835, 1126899]"
882,"[1137775, 1106523, 1043751, 1044078, 1029743]"
883,"[9524291, 916122, 9420181, 1022254, 961979]"
885,"[5587656, 1106523, 8090509, 1040807, 901067]"
886,"[1070820, 1029743, 1126899, 1040807, 933835]"
887,"[957232, 5585510, 1029743, 1005274, 1106523]"
888,"[5566472, 1131382, 916122, 979877, 1000237]"
889,"[833724, 990656, 9881592, 1083446, 1082141]"
891,"[1106523, 1028891, 951190, 1012587, 1093571]"
893,"[1106116, 868415, 895295, 843111, 8292958]"
894,"[1029743, 1068719, 891632, 1081177, 867138]"
895,"[826597, 907099, 1121656, 908283, 9881592]"
897,"[1079528, 928263, 941198, 1106523, 1029743]"
898,"[9187298, 892314, 848319, 5569471, 1046584]"
900,"[1068719, 948670, 5569230, 986912, 976199]"
904,"[1106523, 966684, 983096, 913210, 899257]"
906,"[1048237, 894406, 1137507, 911974, 860703]"
907,"[986912, 961979, 985999, 899624, 1106523]"
908,"[899624, 1029743, 1078666, 916122, 1022254]"
909,"[9935616, 1044078, 976199, 1029743, 963835]"
911,"[10344585, 979707, 901062, 5563693, 1092303]"
913,"[1070820, 994223, 966684, 882604, 957736]"
914,"[1029743, 899624, 979707, 898121, 9245108]"
915,"[1128163, 1068719, 880150, 1029743, 927028]"
916,"[824193, 901557, 1075368, 1029743, 1106523]"
919,"[1106523, 983584, 1070272, 1029685, 883202]"
920,"[9884698, 1082185, 1106523, 1097001, 999779]"
922,"[1130581, 867138, 1126899, 1132198, 12384779]"
924,"[1029743, 905636, 1075470, 885290, 923673]"
926,"[1101706, 1134633, 1138443, 1087102, 1075214]"
927,"[1126899, 948298, 916122, 940947, 1005274]"
928,"[1029743, 1022254, 1026118, 945662, 1038985]"
929,"[1134810, 1070820, 871188, 1044078, 986912]"
931,"[1126899, 7462562, 1042544, 1040807, 913210]"
934,"[1106523, 1068719, 899624, 1135258, 937292]"
936,"[1029743, 1106523, 899624, 961979, 983584]"
937,"[1126899, 1134810, 6034857, 1021116, 995965]"
939,"[1103105, 6464086, 13841744, 896085, 1102416]"
940,"[10456164, 961620, 6423786, 975649, 1036939]"
941,"[9677236, 6464166, 1016709, 5591814, 1122928]"
942,"[1029743, 1015539, 946995, 988116, 995965]"
943,"[5592931, 940090, 1106523, 1035207, 999270]"
944,"[1132771, 1127831, 1101010, 1004906, 903609]"
946,"[1082185, 1132771, 944534, 1004906, 825994]"
947,"[12731544, 1013259, 895930, 1134296, 852014]"
949,"[1029743, 8090537, 8090521, 829001, 899624]"
951,"[1029743, 823704, 1030981, 1106523, 1042438]"
952,"[1075368, 1037840, 1044759, 1005274, 940947]"
953,"[877310, 13213552, 1123022, 854405, 851528]"
954,"[901062, 1029743, 1004906, 933835, 916122]"
955,"[1044078, 1106523, 860703, 832678, 1027068]"
956,"[1070820, 1057749, 1022254, 1130375, 9527323]"
957,"[1116589, 1032703, 1068719, 883003, 1137775]"
959,"[10455984, 1029272, 13654702, 1106523, 1047076]"
960,"[6979437, 1030406, 1126899, 1070820, 832768]"
961,"[1029743, 1070820, 909714, 5569230, 986912]"
964,"[1106523, 1051211, 1044188, 1029743, 1016800]"
965,"[12301100, 871756, 5592261, 944534, 1106523]"
968,"[1029743, 916122, 1044078, 983584, 908318]"
971,"[919535, 1075368, 1029743, 866211, 880150]"
972,"[13008334, 6632283, 5590765, 982790, 1001168]"
973,"[1000542, 1094924, 866211, 1081177, 1127831]"
975,"[13381584, 5569327, 1027835, 995965, 868888]"
976,"[9881592, 852856, 903800, 1057102, 971922]"
978,"[1070820, 1106523, 912704, 916122, 960732]"
979,"[899624, 1029743, 904236, 5568729, 1106523]"
981,"[1029743, 898466, 1064574, 871722, 9803601]"
982,"[5569230, 5563693, 983584, 885697, 899624]"
983,"[965766, 1044078, 1075368, 913210, 883003]"
984,"[9655078, 1106523, 944836, 1029743, 820301]"
985,"[1029743, 899624, 901062, 944534, 880150]"
986,"[1116635, 8090440, 916122, 1029743, 971922]"
987,"[986912, 819978, 1137775, 844179, 1075368]"
988,"[1070820, 1044188, 1102067, 7442180, 1068719]"
989,"[1029743, 1106523, 899624, 8090509, 916122]"
992,"[1126899, 1070820, 1106523, 1029743, 835819]"
993,"[1101010, 993638, 971922, 1040807, 854852]"
996,"[1043751, 1040807, 1081177, 1137775, 1101010]"
998,"[899624, 1037840, 1000753, 823704, 1106523]"
999,"[1029743, 6704207, 8090537, 8090532, 983584]"
1000,"[12427353, 957232, 6034857, 854852, 986912]"
1001,"[8090570, 997987, 910109, 834117, 1135834]"
1004,"[849202, 961620, 995628, 910473, 1029743]"
1005,"[12301100, 917816, 1119761, 8090537, 1044078]"
1007,"[983584, 1029743, 965889, 1098844, 954673]"
1008,"[910473, 1029743, 1126899, 1106523, 1075368]"
1010,"[1076954, 953539, 1127831, 971922, 9527323]"
1011,"[916122, 944836, 1126899, 1004906, 899624]"
1014,"[948670, 976199, 1029743, 1068719, 910473]"
1015,"[1125943, 10455984, 1037332, 947412, 1029272]"
1018,"[1070820, 1018740, 936355, 1075368, 865528]"
1019,"[1043663, 1106523, 986912, 834117, 1026118]"
1020,"[10149640, 5981267, 1070820, 12301839, 1022254]"
1023,"[919423, 963835, 1105488, 1062002, 957736]"
1024,"[1106523, 940947, 1040807, 854852, 1038663]"
1025,"[1106523, 983584, 865456, 1029743, 5568378]"
1027,"[1132771, 899624, 862799, 865456, 857503]"
1029,"[963835, 12949855, 965693, 885290, 1048257]"
1039,"[862335, 5569230, 1029743, 5569471, 831063]"
1040,"[1075368, 1126899, 999090, 948298, 849202]"
1041,"[1106523, 1029743, 1068719, 1127470, 1038663]"
1042,"[916122, 856252, 985999, 1044078, 951412]"
1045,"[1029743, 1043663, 834117, 913210, 5568378]"
1046,"[1126899, 888104, 1135552, 823862, 6034857]"
1047,"[899624, 1029743, 1040807, 8090537, 8090541]"
1050,"[1068719, 1106523, 899624, 863447, 1004390]"
1051,"[1137775, 6534578, 1004906, 1029743, 865026]"
1053,"[12731544, 1137775, 971922, 1132771, 835279]"
1057,"[1117219, 1079528, 916990, 861706, 1013597]"
1058,"[883003, 1129049, 941856, 933835, 901062]"
1060,"[904105, 1115576, 1069003, 882604, 5570882]"
1061,"[5585510, 1106523, 1127758, 9835223, 1012587]"
1062,"[1029743, 13008334, 1054567, 12810393, 1084613]"
1064,"[965766, 899624, 985699, 976199, 854852]"
1066,"[944534, 924352, 854405, 999858, 965766]"
1067,"[1126899, 1029743, 8090532, 946839, 1075368]"
1068,"[1025611, 999779, 824931, 1106523, 863447]"
1069,"[999858, 1029743, 904129, 865456, 989069]"
1070,"[8293439, 983584, 1029743, 6533936, 1138443]"
1071,"[1029743, 856252, 882604, 5569230, 5569471]"
1073,"[923789, 1013597, 965766, 5569230, 916122]"
1074,"[1029743, 7166865, 1027168, 940947, 933835]"
1075,"[10149640, 1029743, 910673, 1002850, 1106523]"
1076,"[1089954, 999714, 1036347, 948381, 1075368]"
1077,"[1045659, 891632, 893018, 937292, 12731714]"
1078,"[878996, 1026118, 1082185, 1106523, 1126899]"
1080,"[12384775, 1068719, 899624, 8090537, 1004906]"
1081,"[1106523, 916122, 1068719, 13071902, 1056509]"
1082,"[1051626, 1106523, 988202, 863447, 910473]"
1083,"[908843, 864335, 13073225, 959737, 1029743]"
1084,"[6704207, 907625, 879008, 1122358, 942525]"
1085,"[1029743, 874972, 908318, 1070702, 1106523]"
1086,"[1076954, 844179, 883003, 916122, 999858]"
1088,"[1077600, 1045478, 997011, 835530, 1106523]"
1089,"[1006483, 947798, 1029743, 910473, 898466]"
1091,"[1029743, 899624, 12302069, 8090521, 5569230]"
1092,"[983584, 871756, 906830, 1041531, 993379]"
1093,"[1004906, 899624, 1002850, 1029743, 983584]"
1094,"[1029743, 899624, 1051323, 933835, 1138443]"
1096,"[933835, 1126899, 1029743, 854852, 986912]"
1097,"[857130, 848319, 823862, 1106523, 981677]"
1098,"[8205418, 899624, 983584, 10341855, 1102416]"
1100,"[1029743, 856818, 972969, 1126899, 1106523]"
1102,"[866211, 1029743, 878996, 9835223, 926905]"
1103,"[862535, 1126899, 1029743, 1051211, 1138443]"
1104,"[1065979, 901460, 5571261, 986912, 9527558]"
1106,"[12757316, 916122, 1044078, 9835223, 976199]"
1109,"[1115576, 1109014, 899624, 1070820, 854852]"
1110,"[1775642, 916122, 8090539, 1044078, 963835]"
1111,"[1082185, 1072523, 854852, 5569230, 1106523]"
1112,"[966684, 897083, 867138, 970160, 1048068]"
1113,"[916122, 1126899, 909714, 1005274, 1068719]"
1114,"[999198, 1029743, 997011, 8090537, 9296919]"
1117,"[1106523, 899624, 965766, 883932, 854852]"
1119,"[940947, 933835, 1025611, 901062, 967461]"
1121,"[5569230, 1029743, 6979545, 966684, 890695]"
1123,"[1126899, 1041796, 1070820, 5585510, 865456]"
1127,"[1029743, 983584, 880150, 1102416, 1103105]"
1128,"[921406, 5592931, 1044188, 1106523, 999198]"
1129,"[13842100, 858439, 1126899, 909714, 1096355]"
1130,"[1044078, 1093413, 1137775, 899624, 895930]"
1131,"[1029743, 1075368, 1043920, 880150, 916122]"
1133,"[1098844, 1029743, 1112205, 1106523, 1055504]"
1134,"[5585510, 1070820, 1051323, 901062, 1106523]"
1135,"[1029743, 965530, 824931, 893018, 1019247]"
1136,"[5569230, 9835223, 1029743, 1016800, 1004906]"
1137,"[935527, 1124432, 924667, 914318, 885290]"
1138,"[15926886, 1015539, 5568721, 957951, 7442008]"
1141,"[910673, 1029743, 1044078, 883003, 9673830]"
1142,"[6602697, 963835, 878715, 882826, 1105426]"
1145,"[986912, 1106523, 865456, 907631, 1068719]"
1146,"[1029743, 1106523, 1096635, 854852, 1004906]"
1147,"[1106523, 870547, 1068719, 1016800, 883932]"
1149,"[1029743, 986912, 916122, 933835, 1070820]"
1151,"[1136524, 1106523, 1122358, 1070702, 1044078]"
1152,"[1110111, 1070820, 1029743, 916122, 1126899]"
1154,"[1106523, 1000148, 983584, 971983, 1001333]"
1155,"[965766, 899624, 926905, 1037840, 907099]"
1157,"[1070820, 995965, 1109615, 901062, 865705]"
1158,"[8090521, 1049735, 8357825, 1106523, 1101010]"
1159,"[1082185, 5572308, 8090532, 6391080, 1068719]"
1160,"[12301100, 1044078, 5592931, 871756, 1068719]"
1163,"[1029743, 1044078, 919534, 1056509, 866211]"
1164,"[1070820, 1113651, 901062, 13654702, 10149640]"
1166,"[1029743, 899624, 1075214, 5568447, 1003649]"
1167,"[5572738, 1082185, 1135552, 1070820, 1063577]"
1168,"[1055044, 1019637, 836262, 1029743, 951412]"
1169,"[1022254, 1138443, 899624, 1038663, 883003]"
1172,"[963686, 1068719, 1029743, 1122358, 1082185]"
1174,"[1106523, 829323, 990797, 976199, 1101010]"
1175,"[8066803, 963365, 968759, 962266, 869047]"
1178,"[6464165, 1104343, 1004906, 835098, 13158064]"
1179,"[1065979, 1132771, 1056509, 1087102, 883003]"
1180,"[1029743, 5587656, 5568197, 1122358, 1104649]"
1182,"[899624, 1106523, 1044078, 1029743, 1004906]"
1185,"[1106523, 895930, 1121360, 1059902, 12946027]"
1186,"[833724, 1055504, 5569471, 1098844, 903800]"
1187,"[1022254, 1106523, 1025611, 940947, 1054262]"
1188,"[1044078, 1103105, 7409874, 1082090, 883202]"
1189,"[1106523, 819840, 1082212, 1026118, 871611]"
1190,"[1116635, 1075214, 928263, 8090521, 12810393]"
1191,"[890695, 5569230, 865528, 5569471, 1022254]"
1192,"[941883, 1068719, 854900, 1053530, 6979803]"
1193,"[899624, 1013928, 1068719, 903602, 1004906]"
1194,"[1044078, 1038745, 1022254, 1000753, 910473]"
1195,"[1075368, 1029743, 1119993, 889989, 1100972]"
1196,"[901062, 909714, 1047076, 1012801, 1070820]"
1197,"[1029743, 1132771, 933835, 1087102, 856252]"
1198,"[900586, 915064, 901062, 948670, 1098844]"
1201,"[1029743, 866548, 906335, 1034176, 868066]"
1202,"[13382402, 1029743, 836085, 1044078, 1009719]"
1203,"[1106523, 1072523, 866211, 1044078, 1027068]"
1204,"[917033, 933835, 926905, 1106523, 1037840]"
1205,"[1029743, 1072086, 1044078, 899624, 5585510]"
1206,"[7409618, 836445, 1044078, 1132771, 12301109]"
1207,"[883202, 933354, 1037840, 5569374, 8090537]"
1208,"[1106523, 899624, 897954, 1044078, 910473]"
1209,"[1029743, 1070820, 953539, 933835, 1126899]"
1211,"[8065410, 12262978, 1000753, 1037631, 9396705]"
1216,"[5569230, 946995, 5569471, 1040807, 999625]"
1217,"[1075368, 1029743, 1004906, 5568729, 899624]"
1218,"[1027168, 1070820, 999104, 916122, 1126899]"
1219,"[910032, 1004906, 933067, 901062, 942045]"
1221,"[1029743, 1002178, 1055504, 999104, 1034176]"
1222,"[916122, 5569230, 1044078, 5570383, 933835]"
1223,"[862799, 966684, 1106523, 1037840, 916122]"
1224,"[1004906, 896862, 832678, 899624, 986912]"
1225,"[1106523, 937292, 896862, 916122, 852856]"
1226,"[940947, 890695, 916122, 913210, 1106523]"
1227,"[5568378, 6034857, 1029743, 1106523, 933835]"
1228,"[866211, 1106523, 1068719, 12731685, 1137775]"
1229,"[1092303, 1070820, 862799, 1137775, 5569845]"
1231,"[1082185, 1029743, 8090541, 1070820, 916993]"
1234,"[866211, 885406, 916122, 901062, 844179]"
1236,"[8090521, 5569230, 1106523, 13381584, 1038663]"
1240,"[1070820, 1044259, 6034857, 913210, 909714]"
1245,"[819308, 12302069, 969866, 834117, 1112766]"
1246,"[1126899, 983584, 910473, 1137507, 959316]"
1247,"[1029743, 1126899, 916122, 835278, 944534]"
1248,"[1106523, 13158064, 888054, 925862, 865511]"
1252,"[995505, 892531, 1006184, 8090537, 1010079]"
1255,"[1029743, 1106523, 1056509, 1126899, 856252]"
1256,"[1000542, 9837092, 878996, 979707, 991223]"
1258,"[883932, 1051211, 5569471, 971922, 999563]"
1260,"[1098248, 941198, 949257, 999104, 1092303]"
1261,"[1055504, 986912, 866211, 901062, 1106523]"
1263,"[12262778, 10198378, 1029743, 9575582, 1016800]"
1264,"[1087618, 1136341, 952972, 1083787, 1029743]"
1265,"[1042544, 1054402, 5568378, 1029743, 1067606]"
1266,"[8203851, 12810391, 863447, 854405, 1000753]"
1267,"[12171656, 1036699, 1098844, 916122, 933835]"
1269,"[899624, 908318, 1082185, 1040807, 1106523]"
1270,"[1082185, 1106523, 910032, 1026118, 1004906]"
1271,"[1105488, 1029743, 864279, 899624, 899459]"
1272,"[915493, 916122, 13381584, 856252, 12810464]"
1274,"[1070820, 923149, 940947, 879504, 5569792]"
1277,"[1106523, 916122, 1006483, 866211, 1090884]"
1279,"[1106523, 904997, 965766, 854852, 969866]"
1281,"[1044078, 1106523, 1029743, 1004906, 910032]"
1282,"[1106523, 899624, 1038663, 1044078, 863447]"
1284,"[15926886, 864893, 1129322, 899624, 893018]"
1285,"[5569230, 1106523, 970605, 925364, 1102003]"
1287,"[965766, 943169, 1130375, 1042438, 872137]"
1288,"[6039859, 1081177, 5585510, 883003, 913210]"
1289,"[1029743, 5569230, 1106523, 1055155, 930344]"
1290,"[933067, 893018, 859426, 996028, 835098]"
1291,"[1044078, 1106523, 1132771, 1101010, 874972]"
1293,"[1044078, 1004906, 880150, 12302069, 899624]"
1294,"[999965, 9884698, 1081177, 901062, 1126899]"
1295,"[1029743, 1072523, 8090509, 904105, 922636]"
1296,"[908318, 901062, 12810393, 935578, 1029743]"
1297,"[867138, 1082185, 878996, 999104, 1026118]"
1298,"[1004906, 12695224, 931255, 1029743, 5569327]"
1299,"[8090521, 899624, 1029743, 1043663, 913210]"
1300,"[1106523, 1126899, 1044078, 1128240, 1029743]"
1303,"[1029743, 976199, 8090539, 913210, 1067749]"
1304,"[1029743, 15926725, 871611, 1129609, 1106523]"
1305,"[1069538, 1106523, 904129, 1013928, 893018]"
1306,"[12301839, 1067779, 9884698, 1029743, 1039627]"
1307,"[893018, 986912, 965842, 871756, 1042907]"
1313,"[1029743, 1072523, 1100972, 1044078, 965766]"
1314,"[1029743, 1050741, 1102416, 976199, 920109]"
1316,"[1029743, 982790, 899624, 889509, 1044078]"
1317,"[1016298, 1029743, 5568489, 7442008, 8090545]"
1318,"[947427, 963835, 854852, 852856, 1138487]"
1319,"[1029743, 933067, 1069506, 1042765, 841220]"
1321,"[12810393, 1106523, 1127831, 893018, 926905]"
1325,"[957013, 837270, 1098844, 1044759, 1116050]"
1326,"[1029743, 983584, 871756, 1056509, 899624]"
1328,"[1006184, 910032, 1029743, 871756, 922561]"
1329,"[841220, 986912, 824180, 854405, 916993]"
1330,"[1106523, 856252, 1042907, 910032, 976199]"
1331,"[1029743, 1106523, 845208, 1132911, 1041796]"
1332,"[13071902, 1062128, 996028, 986912, 6034857]"
1333,"[888586, 1126899, 1069003, 1128016, 1022097]"
1334,"[1044500, 975649, 907631, 1117514, 1044078]"
1335,"[835973, 1010681, 917033, 909249, 836286]"
1336,"[916122, 1029743, 835098, 844179, 883003]"
1337,"[983584, 1029743, 854852, 923670, 5569230]"
1338,"[1106523, 899624, 941856, 1103105, 1044078]"
1340,"[838867, 1106523, 13654702, 1126899, 1029743]"
1346,"[1034886, 1081177, 5574377, 912004, 8358065]"
1347,"[849202, 957232, 917033, 1029743, 1069538]"
1350,"[1029743, 1106523, 9835903, 1051323, 836445]"
1351,"[1029743, 1126899, 1070820, 916122, 1106523]"
1352,"[10149640, 976199, 1004906, 951412, 1116050]"
1353,"[1137775, 1029743, 1106523, 1044078, 1040807]"
1354,"[9527159, 12648296, 1037417, 1128240, 963835]"
1356,"[5569230, 1070820, 854852, 946839, 893018]"
1357,"[866548, 12263276, 983897, 1070820, 917654]"
1358,"[1041796, 1068719, 1029743, 1106523, 1070820]"
1362,"[7168026, 7169088, 1097350, 921406, 890604]"
1364,"[999250, 1029743, 986912, 1070820, 1137775]"
1366,"[5566800, 1101010, 922561, 1087102, 854405]"
1367,"[1116635, 1126899, 1070820, 1075214, 1087102]"
1368,"[1078652, 1070820, 862799, 5569471, 12262978]"
1369,"[985889, 1126899, 857538, 1011926, 824180]"
1370,"[8090521, 12810393, 1068957, 1106523, 1121360]"
1373,"[1029743, 5585510, 1014948, 1106523, 1007269]"
1374,"[1004906, 944534, 871611, 880150, 896613]"
1375,"[6034857, 1106523, 1029743, 1082185, 899624]"
1376,"[1029743, 1034176, 8090537, 990797, 899624]"
1378,"[9653535, 6552318, 1062002, 5585510, 1044759]"
1379,"[1029743, 899624, 910032, 916122, 883932]"
1382,"[1029743, 1018769, 8090541, 940947, 823704]"
1383,"[1034176, 12695508, 13190349, 12987976, 15926507]"
1384,"[999270, 880150, 1004906, 937292, 985999]"
1385,"[1029743, 1106523, 890909, 1022254, 1103105]"
1387,"[9297062, 899624, 1017369, 1068504, 854133]"
1388,"[5570383, 1022066, 1042544, 1027168, 963835]"
1389,"[10150194, 978343, 854852, 986912, 12949855]"
1390,"[976199, 1029743, 5569230, 833598, 1132771]"
1391,"[965772, 8090513, 1037332, 899624, 895295]"
1393,"[12810393, 1126899, 12524016, 956672, 8181451]"
1394,"[1125601, 6979545, 845975, 6034857, 940947]"
1395,"[1126899, 880427, 6533608, 983584, 1026118]"
1397,"[1106523, 970760, 1044078, 1068719, 7104690]"
1398,"[1029743, 1106523, 986912, 999779, 882489]"
1399,"[1093571, 5580801, 6034857, 9673830, 1029743]"
1401,"[1044078, 1126899, 7410168, 1089025, 876314]"
1402,"[1106523, 937292, 1019643, 1004906, 965766]"
1405,"[893018, 854405, 844179, 976199, 1056509]"
1406,"[1138443, 872137, 1087102, 5568378, 932863]"
1409,"[12810393, 1116050, 8090513, 942565, 1042438]"
1410,"[1029743, 1051323, 1037840, 1044078, 871611]"
1412,"[9487606, 1029743, 1122568, 1032512, 8090539]"
1413,"[1106523, 1029743, 824931, 1126899, 1070820]"
1414,"[1126899, 1029743, 1106523, 1070820, 1118235]"
1417,"[10198378, 913210, 1044078, 834117, 1008814]"
1418,"[956672, 990797, 848319, 948670, 954778]"
1419,"[1106523, 993638, 1019637, 5591170, 6463742]"
1421,"[1043751, 1029743, 899624, 942045, 6534480]"
1423,"[13008334, 837495, 927028, 13007355, 822161]"
1425,"[8090537, 8090521, 940947, 1044078, 1029743]"
1426,"[1029743, 909714, 971922, 6034857, 823704]"
1427,"[1029743, 933067, 957232, 1122358, 963727]"
1428,"[1029743, 839419, 835098, 913210, 1106523]"
1429,"[1126899, 1106523, 1029743, 1070820, 1004906]"
1430,"[1093413, 5570383, 906844, 1070845, 1137775]"
1431,"[1021324, 998119, 892531, 1068719, 957951]"
1434,"[1075368, 1127831, 908283, 839419, 5568378]"
1437,"[1044078, 1044759, 893018, 5569230, 1029743]"
1440,"[1106523, 983584, 844179, 1056509, 1043751]"
1443,"[958891, 906844, 959638, 1063907, 948239]"
1445,"[1029743, 1044078, 6034857, 12301109, 916122]"
1447,"[1029743, 1106523, 913210, 1039455, 916122]"
1450,"[979707, 845208, 916993, 828106, 1127758]"
1451,"[1082185, 1070820, 1083446, 948670, 1051211]"
1452,"[837495, 9368289, 1013928, 1008032, 986912]"
1453,"[1092588, 1043787, 916122, 9242918, 854852]"
1454,"[1082185, 1045228, 1029743, 1098248, 979707]"
1457,"[863447, 823990, 910673, 1044078, 1106523]"
1458,"[962266, 1105488, 976199, 933067, 1056509]"
1459,"[6514160, 8065410, 948832, 872137, 857130]"
1461,"[1029743, 940947, 1000753, 1070702, 938138]"
1462,"[1022254, 1062002, 890695, 997423, 1080853]"
1463,"[8090560, 986912, 933835, 6463775, 12695224]"
1465,"[976199, 872137, 933835, 880427, 865705]"
1467,"[1029743, 986912, 1097001, 8090539, 1042438]"
1470,"[1029743, 1070820, 1063739, 1126899, 998119]"
1471,"[986912, 1126899, 913210, 916122, 933835]"
1473,"[1098844, 938118, 1126899, 1104343, 866211]"
1474,"[5568378, 1037840, 1106523, 933835, 9487606]"
1475,"[1027835, 916122, 1070820, 963971, 969568]"
1476,"[1057749, 9831557, 5570383, 8090513, 1046816]"
1479,"[977374, 1106523, 1029743, 13115914, 1110244]"
1481,"[885290, 965766, 1004906, 944836, 910032]"
1483,"[5569230, 861279, 971922, 5569471, 1106523]"
1484,"[1098844, 944836, 1127831, 933835, 915459]"
1485,"[1106523, 935993, 1040807, 965842, 976199]"
1487,"[940947, 5569230, 1029743, 951197, 1051283]"
1488,"[5568378, 1126899, 1132771, 5569327, 1029743]"
1489,"[9553382, 1029743, 9553048, 1121384, 983584]"
1490,"[9297574, 8290421, 916122, 863447, 9297062]"
1491,"[1106523, 965766, 847066, 981677, 901062]"
1492,"[901062, 1004906, 1006184, 940947, 1122358]"
1493,"[1040807, 1132771, 959316, 1106523, 999714]"
1494,"[1068719, 899624, 1044078, 836445, 1004390]"
1495,"[1081177, 986912, 880150, 1068719, 896862]"
1499,"[14106445, 933835, 1018822, 9655078, 945662]"
1500,"[1070272, 5592694, 871061, 1057102, 13115938]"
1501,"[1116741, 858439, 1006342, 1070820, 856252]"
1502,"[1070820, 933835, 883003, 916993, 971922]"
1506,"[1004906, 1044078, 12301100, 869047, 12302069]"
1507,"[13841744, 1043751, 1068719, 1029743, 1106523]"
1508,"[1126899, 871722, 951412, 1122358, 933835]"
1509,"[10456354, 1135552, 1029743, 903800, 1042438]"
1510,"[848319, 910032, 986912, 1051211, 901062]"
1511,"[1029743, 1106523, 5569230, 6034857, 983584]"
1512,"[1029743, 918684, 990797, 1106523, 15596904]"
1513,"[1029743, 890695, 940947, 938300, 845265]"
1514,"[1006184, 995965, 1126899, 1121393, 1120928]"
1515,"[933835, 1101010, 986912, 916122, 872137]"
1517,"[1070820, 1044078, 910032, 5569471, 983584]"
1518,"[825343, 8203851, 1029743, 883932, 909268]"
1519,"[5569230, 1070820, 854754, 6034857, 857503]"
1520,"[1029743, 5577022, 838186, 849202, 5585510]"
1525,"[12301839, 1029743, 1068719, 871756, 899624]"
1526,"[864335, 8090537, 5585510, 986912, 8090536]"
1527,"[5569471, 1029743, 5569845, 872137, 5569230]"
1528,"[1029743, 916122, 983584, 1044078, 844179]"
1529,"[1106523, 9546982, 12810393, 844179, 13213240]"
1530,"[936830, 938300, 907099, 903800, 918994]"
1531,"[1126899, 1068719, 860248, 1037332, 972445]"
1532,"[1113164, 911609, 941198, 1029743, 1101010]"
1533,"[971474, 1029743, 1126899, 1106523, 12171843]"
1534,"[1070820, 916122, 13133916, 851146, 7410304]"
1535,"[1106523, 5592931, 5568378, 844179, 869047]"
1536,"[1075368, 1029743, 865511, 916990, 6034857]"
1537,"[1106523, 1029743, 1028422, 893018, 872066]"
1539,"[1081177, 1126899, 1029743, 1106523, 933835]"
1540,"[8015407, 933835, 911311, 910032, 1106523]"
1541,"[849578, 1029743, 965766, 844179, 1098248]"
1542,"[957232, 1004906, 981660, 899624, 1056509]"
1543,"[819255, 1043494, 1029743, 999270, 832678]"
1545,"[1106523, 1022254, 854852, 983584, 882247]"
1546,"[944249, 965766, 1029743, 917816, 907631]"
1547,"[9653714, 883932, 9419525, 5569471, 829722]"
1548,"[1029743, 875392, 916122, 1134483, 838186]"
1549,"[986912, 1051516, 8203851, 819845, 1122358]"
1550,"[1029743, 1106523, 1004906, 1126899, 1070820]"
1552,"[944836, 1029743, 916758, 823704, 930666]"
1555,"[1029743, 1041796, 926905, 870547, 940947]"
1556,"[1044078, 1051211, 948670, 899624, 1068719]"
1557,"[1106523, 867138, 995628, 1068719, 963727]"
1558,"[1030093, 919766, 1002771, 908318, 866211]"
1559,"[933835, 835973, 1026118, 910673, 940947]"
1560,"[1121384, 1029743, 1021519, 823704, 1022254]"
1563,"[1106271, 899624, 1126899, 1029743, 1004906]"
1564,"[1029743, 1106523, 971922, 1043494, 832768]"
1566,"[976199, 1082141, 1118623, 1022254, 1051323]"
1567,"[1082185, 8015407, 993638, 835300, 910032]"
1568,"[882489, 899624, 12695224, 999270, 1050851]"
1570,"[1105488, 979707, 5568729, 6034857, 1044078]"
1572,"[9835509, 7139529, 1005274, 1126899, 933067]"
1575,"[1110409, 1022254, 901062, 1068719, 1070820]"
1576,"[1029743, 1106523, 854852, 5568378, 1070820]"
1577,"[1029743, 5570048, 866211, 823721, 997796]"
1578,"[1029743, 916122, 933835, 1044078, 899624]"
1579,"[1029743, 856252, 983584, 8090532, 907631]"
1580,"[1029743, 939636, 1079987, 918746, 1024051]"
1581,"[916122, 1029743, 909714, 1070845, 999858]"
1584,"[1134483, 1059347, 1106523, 1029743, 1028891]"
1585,"[1126899, 1110409, 5569471, 5568729, 983584]"
1588,"[979707, 6602697, 901062, 866211, 9547021]"
1590,"[6533608, 6534035, 944836, 1028891, 965766]"
1591,"[1070820, 1001827, 890695, 896085, 854852]"
1592,"[6979526, 9884698, 10201384, 895295, 830503]"
1593,"[979707, 986912, 1029743, 1044078, 854405]"
1594,"[1022254, 1106523, 1068719, 865456, 1044078]"
1595,"[986912, 933835, 971922, 1132771, 1137775]"
1596,"[1042571, 1058404, 1046816, 944836, 1103105]"
1598,"[1029743, 916122, 5568378, 865456, 986912]"
1599,"[1068719, 1004906, 944137, 863447, 1013928]"
1602,"[10150194, 1104343, 944836, 848319, 1070820]"
1604,"[832678, 968164, 1105301, 1062572, 901344]"
1607,"[1006184, 5569230, 8090539, 5569374, 999270]"
1609,"[868548, 823775, 1082185, 1029743, 916122]"
1611,"[1037840, 910473, 1029743, 892728, 1035676]"
1612,"[1070820, 5569471, 885290, 1126899, 1105301]"
1614,"[1029743, 1082185, 979707, 1106523, 6391080]"
1618,"[1070820, 1092303, 944836, 1138443, 1006184]"
1619,"[867138, 841309, 5563693, 916122, 834117]"
1620,"[1106523, 13381584, 5569792, 899624, 916122]"
1621,"[1106523, 1101010, 933835, 1029743, 1004906]"
1622,"[8205418, 1091901, 1030577, 6463710, 1029743]"
1623,"[1106523, 1068719, 1044078, 883932, 965766]"
1624,"[5569230, 993638, 1082185, 986912, 823990]"
1627,"[1068719, 1029743, 1011926, 880427, 835098]"
1630,"[865026, 1106523, 1098284, 1068719, 948670]"
1631,"[1029743, 1044078, 967461, 983584, 12301405]"
1633,"[1029743, 1028891, 1135834, 1093413, 13008334]"
1634,"[5569327, 1029743, 1070820, 9836106, 944836]"
1637,"[986912, 1014948, 827999, 1029743, 1126899]"
1638,"[1126899, 972235, 940071, 1067606, 1004906]"
1640,"[1106523, 941797, 1101010, 896862, 8090521]"
1642,"[916122, 1106523, 1070820, 845208, 970160]"
1643,"[1106523, 893018, 926905, 1055504, 917033]"
1647,"[1029743, 901062, 1106523, 986912, 1126899]"
1648,"[1106523, 9553048, 1076580, 1122358, 983584]"
1649,"[916122, 854852, 866211, 878996, 901062]"
1650,"[944137, 1081177, 13039088, 6034857, 854852]"
1651,"[6034857, 1104343, 1114483, 1092303, 9655078]"
1653,"[1029743, 1044078, 1138443, 865456, 993638]"
1654,"[9553347, 1081177, 1029743, 1024306, 916122]"
1657,"[1106523, 1029743, 1068719, 839208, 1043730]"
1658,"[963727, 957232, 885290, 883003, 888543]"
1659,"[1029743, 6034857, 823721, 1105488, 1044078]"
1660,"[923149, 889551, 880150, 826666, 882308]"
1662,"[916122, 1126899, 880427, 985999, 1098844]"
1663,"[8292955, 9553042, 1070820, 10341234, 1122350]"
1664,"[1044078, 871756, 1000753, 935993, 1068719]"
1665,"[1037631, 1029743, 1040222, 1106523, 986912]"
1668,"[1068719, 1106523, 848319, 823099, 959316]"
1672,"[1029743, 5592931, 852856, 1106523, 896862]"
1673,"[1106523, 12301100, 948650, 1044078, 5569230]"
1676,"[1011926, 888586, 1006878, 824305, 1046816]"
1677,"[965766, 1029743, 7462562, 5568378, 885290]"
1680,"[1126899, 1044078, 5585510, 833940, 6443350]"
1683,"[5574377, 1070820, 1104343, 976199, 979707]"
1684,"[1106523, 1037840, 1128240, 885697, 885290]"
1685,"[1005274, 1029743, 1048068, 888054, 1048237]"
1686,"[1017325, 953539, 986912, 1008074, 999270]"
1687,"[823099, 1126899, 858439, 1055504, 835098]"
1689,"[1133254, 1000753, 865456, 1037337, 5569230]"
1690,"[9835223, 863447, 1106523, 832678, 968072]"
1692,"[1044188, 1044078, 8090521, 937292, 6463742]"
1693,"[1126899, 1116741, 5592610, 5590613, 5587656]"
1694,"[1075368, 856252, 1044078, 8090537, 8090521]"
1695,"[1126899, 1106523, 1029743, 1125391, 12692328]"
1697,"[1044078, 1029743, 862010, 940947, 1081177]"
1698,"[866211, 1094308, 930118, 907631, 878996]"
1699,"[993638, 986912, 901062, 983584, 907631]"
1700,"[8090509, 956486, 930385, 5568378, 871756]"
1703,"[1106523, 5592931, 1127470, 5590613, 1098435]"
1704,"[873324, 1029743, 1106523, 1007929, 912860]"
1705,"[5592931, 933067, 1004906, 937292, 1042438]"
1706,"[916122, 986912, 933835, 1044078, 1029743]"
1707,"[1050851, 1029743, 926905, 946839, 834993]"
1708,"[12648296, 1029743, 5569230, 6534480, 919534]"
1710,"[1029743, 1106523, 8090440, 820301, 835098]"
1712,"[901062, 1126899, 1132771, 944139, 949965]"
1713,"[1082627, 893362, 903602, 1060312, 851188]"
1715,"[859427, 1046756, 1098844, 976199, 1055504]"
1716,"[12302069, 5592931, 972931, 12648296, 861279]"
1717,"[882489, 848319, 852360, 1068719, 1029743]"
1718,"[1029743, 1070820, 918676, 904521, 1014116]"
1719,"[5569230, 1106523, 950206, 5569471, 1103105]"
1720,"[5568729, 916122, 878715, 885290, 1070820]"
1721,"[910673, 1029743, 904129, 1106523, 1000753]"
1722,"[1126899, 835098, 1051516, 901062, 829852]"
1723,"[6979393, 1018740, 1040807, 870559, 876626]"
1724,"[1126899, 1106523, 965842, 1104343, 824305]"
1726,"[1071446, 1126899, 1044487, 1135044, 10150194]"
1728,"[1029743, 9419470, 8020234, 9296919, 8293439]"
1729,"[899624, 835973, 1106523, 894439, 848319]"
1730,"[1029743, 852080, 5585510, 1081177, 1075368]"
1731,"[12757140, 1106523, 1126899, 1068719, 908064]"
1732,"[1029743, 1106523, 901062, 1044078, 933835]"
1733,"[6904613, 1086740, 6904467, 5566800, 850102]"
1735,"[1068719, 859426, 1082990, 850102, 1044078]"
1737,"[916122, 901062, 933835, 1029743, 986912]"
1738,"[957063, 1118033, 922847, 1040807, 1037840]"
1739,"[1106523, 5568378, 1087102, 5569230, 999779]"
1740,"[1112238, 1074333, 1061982, 1002771, 1056509]"
1742,"[864335, 846823, 1114653, 1019637, 1098284]"
1743,"[1106523, 848029, 958594, 972931, 8090532]"
1745,"[1106271, 988697, 983584, 908408, 947798]"
1747,"[1106523, 899624, 1042544, 831628, 1044078]"
1748,"[1106523, 5590613, 1044078, 5981267, 13512017]"
1749,"[1135834, 849066, 8090541, 1009719, 1006184]"
1751,"[1004906, 1070820, 882308, 906830, 863885]"
1752,"[1106523, 1068719, 907631, 1044078, 8090537]"
1753,"[1067695, 8090537, 986912, 1106523, 8090521]"
1754,"[5585510, 1043494, 1029743, 831628, 828106]"
1755,"[1087785, 909714, 872137, 865528, 820301]"
1758,"[1126899, 899624, 1055504, 1132771, 1115553]"
1759,"[880150, 1044078, 5590613, 940947, 1037332]"
1760,"[15630094, 983584, 1029743, 1106523, 906838]"
1761,"[854852, 835098, 999270, 910673, 1062002]"
1762,"[983584, 1082185, 1029743, 976199, 1075214]"
1763,"[1037840, 6548453, 1106523, 871611, 979707]"
1764,"[976199, 940947, 1126899, 1075368, 929018]"
1765,"[7169088, 1070820, 1043494, 1029743, 12949590]"
1766,"[1044078, 1004906, 916122, 844179, 1106523]"
1767,"[1106523, 1068719, 1116635, 5569230, 1029743]"
1768,"[12946027, 6391134, 899624, 999858, 6034857]"
1769,"[12810464, 5563693, 6534077, 999625, 6602697]"
1770,"[979707, 880150, 835098, 1022254, 1104343]"
1773,"[916122, 5569471, 1056509, 1122358, 1070820]"
1774,"[8090537, 8090521, 1104343, 951197, 990797]"
1775,"[1122568, 1082185, 1126899, 978343, 1037332]"
1776,"[1029743, 1026118, 1126899, 901062, 983584]"
1778,"[1029743, 837644, 1128240, 8065410, 9245106]"
1781,"[916122, 854852, 1105488, 979707, 1004906]"
1783,"[9835509, 1029743, 5569471, 1132771, 5585510]"
1784,"[979707, 1126899, 880427, 942525, 907631]"
1785,"[1131321, 1126899, 933835, 976199, 1055504]"
1788,"[1029743, 1081177, 823775, 1092303, 837270]"
1789,"[986912, 916122, 854852, 1029743, 1126899]"
1790,"[1082185, 834117, 945662, 899624, 913210]"
1791,"[8090440, 910673, 916122, 866211, 933067]"
1792,"[1075368, 8090519, 827841, 5582712, 1106523]"
1794,"[1106523, 8090536, 1029743, 8090513, 861279]"
1795,"[1070820, 1008032, 1050851, 1003487, 914318]"
1796,"[1029743, 965766, 1106523, 890695, 1001827]"
1797,"[996009, 1112825, 1031087, 854852, 901062]"
1800,"[1070820, 1126899, 7025094, 1022254, 907625]"
1801,"[1116635, 854900, 954347, 9884698, 999198]"
1802,"[884089, 1117358, 848319, 854852, 888835]"
1803,"[1022254, 1029743, 6979579, 862799, 988116]"
1804,"[1029743, 912704, 823704, 1127831, 852856]"
1805,"[1029743, 1106523, 852856, 913210, 948670]"
1806,"[1029743, 1126899, 893018, 5568378, 5569327]"
1807,"[885863, 854852, 1098844, 8090536, 857503]"
1808,"[1037840, 12171656, 976199, 1029743, 986912]"
1809,"[8090536, 1082185, 901062, 8090509, 1055504]"
1810,"[1029743, 932631, 1098284, 864893, 989069]"
1811,"[1135258, 1106523, 883819, 1112238, 844179]"
1812,"[1075282, 1037863, 7432861, 9527408, 1067749]"
1814,"[43020, 865511, 1029743, 865705, 1138487]"
1815,"[1029743, 899624, 1009368, 990256, 913210]"
1816,"[1029743, 8090532, 1070820, 8090521, 983584]"
1817,"[1020208, 1116635, 1036106, 874563, 925862]"
1818,"[1081177, 913210, 1029743, 5585510, 854852]"
1821,"[1106523, 899624, 844179, 933835, 983584]"
1823,"[1070820, 852856, 1098844, 883003, 854852]"
1824,"[1106523, 1043787, 983584, 6034857, 854852]"
1826,"[1029743, 9884698, 1106523, 5592931, 929018]"
1829,"[1135044, 8203851, 8090519, 978343, 914753]"
1831,"[1082185, 1098248, 1101706, 909268, 1051323]"
1832,"[8293703, 1081533, 13511822, 906900, 996009]"
1833,"[1000753, 838186, 1126899, 1106523, 898466]"
1835,"[933835, 1044259, 883003, 5565925, 1054539]"
1837,"[8019681, 957736, 965842, 966684, 854852]"
1839,"[887526, 884145, 1106523, 889551, 867547]"
1841,"[1062572, 999858, 925350, 1004906, 872137]"
1843,"[870165, 916122, 849202, 1029743, 1044078]"
1845,"[1126899, 916122, 909714, 901062, 823775]"
1846,"[839208, 1029743, 933835, 835619, 924352]"
1847,"[830503, 8019649, 1070820, 5569230, 1029743]"
1848,"[1135834, 894439, 1077133, 892573, 986912]"
1849,"[1029743, 1089954, 1040416, 1070820, 890955]"
1850,"[1022254, 883202, 5578547, 6034857, 880150]"
1854,"[1062002, 919423, 1072693, 957736, 10457590]"
1856,"[978077, 12810393, 986912, 1029743, 1044078]"
1857,"[1029743, 901062, 983584, 854852, 907631]"
1858,"[1065061, 916122, 1004906, 1057102, 999104]"
1861,"[1029743, 1082185, 1004906, 990797, 12946027]"
1864,"[979707, 1022254, 1098844, 911614, 1065979]"
1865,"[884686, 1092303, 903800, 1098435, 833724]"
1867,"[916122, 986912, 1044078, 849202, 854852]"
1869,"[1050851, 999270, 940947, 1126899, 1070820]"
1871,"[854852, 1026118, 844179, 1029743, 1127831]"
1872,"[994223, 901062, 1002771, 913210, 1081177]"
1873,"[1106523, 1029743, 1044078, 1101010, 878996]"
1879,"[1101010, 1082185, 1131488, 1121694, 948670]"
1880,"[1029743, 1106523, 1070820, 1126899, 1004906]"
1881,"[852360, 913210, 901062, 959316, 854852]"
1883,"[8090521, 983584, 893018, 1035676, 1004906]"
1884,"[856252, 879699, 820301, 925145, 883932]"
1885,"[913210, 1029743, 1075368, 951954, 986912]"
1887,"[7441498, 1126899, 1070820, 1004906, 9297615]"
1890,"[1126899, 1003616, 1061982, 6039759, 1011926]"
1891,"[1082185, 1006184, 1028953, 6533608, 1028238]"
1892,"[1093413, 1138443, 1044078, 896862, 1106523]"
1895,"[1129049, 1044078, 1029743, 9835606, 1126899]"
1896,"[1075368, 1082185, 1029743, 1037840, 971922]"
1899,"[851188, 879504, 1029743, 882604, 883932]"
1900,"[1070820, 940947, 872137, 1087102, 1132771]"
1901,"[1017369, 1013928, 1044078, 854852, 1029743]"
1904,"[1029743, 1126899, 896862, 13512542, 942475]"
1906,"[12810422, 1114653, 844179, 968072, 966684]"
1907,"[1125601, 848319, 1029743, 976199, 916122]"
1911,"[1044078, 844179, 1070820, 8090541, 924352]"
1912,"[1029743, 1106523, 904105, 1036486, 933067]"
1914,"[9802981, 862010, 1043787, 894439, 892573]"
1916,"[1068719, 1004906, 885290, 1106523, 976199]"
1917,"[975085, 883068, 925694, 1106523, 896085]"
1918,"[995965, 872137, 1116020, 1029743, 1104343]"
1919,"[1106523, 1026118, 1004906, 913210, 8090536]"
1920,"[833724, 829323, 1019643, 1070820, 1079941]"
1922,"[1091901, 897083, 1002771, 1112238, 1132771]"
1923,"[1098844, 1087081, 1128016, 992986, 901062]"
1924,"[1132956, 1106523, 983584, 9881592, 1067695]"
1925,"[1029743, 989830, 1024306, 901062, 12262832]"
1926,"[12262830, 1068719, 1037631, 5592931, 916122]"
1927,"[5981074, 9527159, 1106523, 1044078, 5587656]"
1928,"[983584, 1070820, 1055472, 958647, 908504]"
1929,"[1106523, 899624, 913210, 1021116, 883003]"
1930,"[1051323, 1106523, 1029743, 834158, 883932]"
1931,"[1106523, 896862, 823704, 999270, 843464]"
1935,"[1126899, 1048257, 999104, 857503, 998519]"
1936,"[1029743, 5568072, 1138443, 844179, 971922]"
1937,"[1070820, 836085, 919423, 1007512, 833724]"
1939,"[879876, 926905, 1016800, 1068719, 1044078]"
1940,"[969866, 950118, 1026118, 836085, 12946027]"
1941,"[1044078, 947798, 1029743, 5592931, 1106523]"
1942,"[839656, 5569230, 5585510, 5569471, 1110409]"
1943,"[1029743, 7152455, 1044078, 983584, 1044188]"
1944,"[1029743, 994223, 847207, 1006342, 880427]"
1945,"[1029743, 933835, 992986, 869728, 831223]"
1946,"[920109, 1070820, 1082185, 1029743, 916122]"
1947,"[1126899, 10149640, 944249, 1097635, 952408]"
1948,"[916993, 6602590, 6552438, 891516, 1137688]"
1949,"[1044078, 908843, 1127831, 1106523, 864335]"
1950,"[1131321, 1079987, 1029743, 1106523, 7441118]"
1951,"[1127831, 12810393, 1029743, 854852, 1106523]"
1952,"[1029743, 1070820, 1106523, 1126899, 1081177]"
1953,"[1050851, 993638, 986912, 1004906, 838186]"
1954,"[1084036, 1026118, 5568378, 899624, 1004906]"
1955,"[1082185, 1063739, 897954, 9835408, 1004906]"
1956,"[9676852, 922092, 966684, 5569374, 1126899]"
1957,"[9245108, 1029743, 821200, 885863, 944139]"
1958,"[899624, 1040807, 1026118, 1055504, 1013703]"
1960,"[1044078, 825343, 839656, 1070820, 831628]"
1961,"[893018, 982790, 1106523, 1126899, 892314]"
1962,"[8014645, 1121059, 1056509, 1094924, 913210]"
1964,"[1002771, 870428, 986912, 910032, 916122]"
1965,"[9881592, 893018, 1126899, 1106523, 899624]"
1966,"[1138631, 916122, 1112766, 1104343, 833724]"
1967,"[1029743, 13190349, 1106523, 9526448, 1011926]"
1968,"[1090676, 1068719, 1116741, 1082212, 1122358]"
1969,"[873964, 1029743, 858999, 916122, 1044078]"
1970,"[1072086, 1029743, 883003, 865456, 1043920]"
1971,"[1029743, 1014509, 1126899, 1070820, 6034857]"
1975,"[1110244, 1092588, 976199, 883003, 1087102]"
1976,"[12599756, 1106523, 1082990, 1019637, 1034176]"
1979,"[1029743, 1106523, 1004906, 965766, 1026118]"
1981,"[1122358, 1082212, 1126899, 1070820, 893018]"
1982,"[1082185, 859427, 6979803, 912451, 1121384]"
1983,"[7166865, 866211, 913210, 885290, 1029743]"
1985,"[5569230, 1106523, 946839, 1130375, 901062]"
1987,"[1044078, 901062, 1004906, 1106523, 1029743]"
1988,"[1106523, 850102, 922636, 995896, 1051323]"
1989,"[879734, 835098, 999858, 880150, 844179]"
1990,"[13007846, 1029743, 1126899, 1037332, 1081177]"
1993,"[1043787, 862010, 892573, 933067, 1067749]"
1994,"[913210, 1048068, 835973, 1070820, 965766]"
1995,"[1029743, 976199, 1106523, 916122, 1046816]"
1996,"[1068719, 1126899, 880427, 5569230, 948239]"
1997,"[1126899, 12754036, 12949855, 893018, 916122]"
1998,"[1106523, 5592931, 1068719, 965766, 5568378]"
1999,"[871756, 1029743, 957232, 991223, 1008547]"
2000,"[1068719, 835619, 9835223, 930385, 926905]"
2001,"[986912, 916122, 933835, 854852, 1081177]"
2003,"[12171656, 12757280, 5569471, 10344585, 867547]"
2004,"[1006664, 934399, 880150, 1040807, 1019643]"
2005,"[1029743, 1068719, 1122358, 907631, 1044078]"
2006,"[945611, 1070820, 13381584, 5574377, 5569471]"
2007,"[1064574, 1129610, 1083446, 1067606, 1092303]"
2008,"[1126899, 936830, 885290, 865511, 5570383]"
2011,"[1006184, 916487, 1019942, 999563, 927382]"
2012,"[1106523, 916122, 890695, 5568378, 1070702]"
2014,"[5592931, 1106523, 1022254, 12946027, 6463717]"
2015,"[12301405, 12810393, 1029743, 1044188, 1003616]"
2017,"[1126899, 1070820, 6034857, 983584, 896613]"
2018,"[823031, 1106523, 1082185, 857130, 924352]"
2019,"[899624, 1029743, 999779, 1132771, 1044078]"
2020,"[1029743, 1093413, 948832, 9527159, 1132771]"
2021,"[1044078, 1004906, 896862, 883932, 999270]"
2022,"[1082185, 906335, 1029743, 1098844, 1126899]"
2023,"[1011457, 1003699, 7443278, 852856, 849505]"
2025,"[1029743, 930283, 852856, 938118, 941856]"
2027,"[913210, 1029743, 872137, 1016276, 854852]"
2028,"[895295, 5569230, 839419, 8090509, 5568378]"
2029,"[892728, 1029743, 904236, 5568378, 1079987]"
2030,"[1087102, 944836, 883003, 1029743, 1138443]"
2033,"[1127758, 1002771, 1029743, 1068719, 968072]"
2034,"[1098844, 1126899, 866211, 916122, 1004906]"
2036,"[1126899, 1055504, 1024306, 878996, 1060408]"
2037,"[990797, 1029743, 965766, 976199, 824796]"
2038,"[1068719, 1029743, 1132771, 933835, 1082212]"
2040,"[1029743, 1106523, 1126899, 896958, 1097363]"
2041,"[1127716, 1008814, 917033, 872137, 5591170]"
2043,"[871756, 999779, 998119, 1044078, 854852]"
2047,"[933835, 8090537, 1029743, 866211, 883003]"
2048,"[6391137, 1106523, 1105488, 883003, 914577]"
2049,"[1126899, 1029743, 866488, 854852, 1106523]"
2050,"[857503, 1024051, 899624, 835098, 948670]"
2055,"[1080853, 5568378, 1011926, 1126786, 1004906]"
2056,"[1106523, 1029743, 8090521, 8090537, 1068719]"
2057,"[1070820, 844179, 913210, 825343, 1105488]"
2058,"[14106445, 1116050, 1022254, 1006342, 1011926]"
2060,"[5569230, 986912, 913210, 993638, 1029743]"
2062,"[1022254, 979707, 1029743, 1026118, 899624]"
2063,"[1127831, 986912, 839419, 1087102, 866211]"
2064,"[1081177, 1075368, 951412, 976199, 1062002]"
2065,"[1029743, 852015, 916122, 907631, 1043751]"
2068,"[1070820, 1004906, 6034857, 6534480, 1071342]"
2070,"[916122, 12810391, 913210, 1092937, 865456]"
2071,"[1068719, 899624, 933835, 1004906, 909714]"
2075,"[1029743, 899624, 1123842, 1004906, 9835903]"
2076,"[1106523, 1098844, 829323, 854852, 835098]"
2077,"[1106523, 6463742, 896613, 6391381, 9835903]"
2079,"[8090537, 1026118, 5569230, 1106523, 871611]"
2080,"[8090521, 838186, 863447, 1044078, 919534]"
2082,"[899624, 970747, 832678, 1029743, 1004906]"
2083,"[1070820, 911614, 908318, 844179, 6533681]"
2084,"[12692328, 6034857, 1138443, 913210, 995965]"
2085,"[1029743, 983584, 5568378, 1042544, 13189726]"
2086,"[1082185, 1029743, 5585510, 834117, 1015280]"
2087,"[1029743, 948670, 976199, 916993, 8090521]"
2088,"[1082185, 1029743, 1044078, 1128016, 866211]"
2089,"[1126899, 1081177, 5585510, 1029743, 1102829]"
2090,"[963354, 1007259, 910673, 5576075, 922847]"
2094,"[1082185, 1070820, 6463775, 5569374, 1068719]"
2095,"[986912, 1068719, 933067, 1106523, 983659]"
2100,"[1082185, 1106523, 1041796, 899459, 1074754]"
2101,"[1101010, 883003, 1029743, 933835, 1106523]"
2102,"[9333734, 12262778, 996009, 854852, 940947]"
2108,"[1029743, 1106523, 1122358, 1040807, 12731714]"
2109,"[893018, 930666, 937292, 999270, 1041796]"
2110,"[1029743, 1106523, 854754, 901062, 871611]"
2111,"[849505, 1018769, 1083111, 1051516, 1059080]"
2112,"[1029743, 1082212, 5585510, 1126899, 1037332]"
2114,"[986912, 1002771, 933835, 859427, 885290]"
2115,"[1070820, 5569471, 8276172, 12301109, 12810393]"
2116,"[1099089, 964520, 1029743, 854754, 957951]"
2119,"[12731432, 1029743, 849505, 916122, 1035676]"
2120,"[1029743, 1106523, 5568378, 899624, 913210]"
2121,"[933835, 910109, 1087102, 913210, 976199]"
2122,"[1044078, 1106523, 1029743, 1126899, 1070820]"
2123,"[1029743, 899624, 1076199, 957232, 889223]"
2124,"[1106523, 1126899, 8090521, 8090537, 916122]"
2125,"[1029743, 899019, 925862, 883003, 976199]"
2126,"[854852, 1043787, 6034857, 976199, 901062]"
2129,"[1029743, 1074754, 1004906, 981086, 1050851]"
2130,"[1106523, 1082185, 899624, 983584, 1068719]"
2131,"[1029743, 847207, 993638, 5569230, 951412]"
2132,"[1082185, 990797, 1029743, 832678, 842249]"
2133,"[866548, 866211, 1126899, 1019247, 923670]"
2134,"[1082185, 899624, 1038985, 844179, 863447]"
2136,"[901062, 6602729, 872137, 995965, 909268]"
2137,"[1022254, 1044078, 933067, 909714, 1068719]"
2138,"[1029743, 5568378, 1103105, 1015280, 1056509]"
2139,"[1029743, 875392, 1135834, 933835, 940947]"
2141,"[5569327, 904236, 844462, 933835, 883003]"
2142,"[6704207, 1029743, 6632283, 1110244, 1003487]"
2146,"[904236, 849870, 898121, 973135, 944836]"
2147,"[1106523, 1098248, 897954, 1005274, 933835]"
2148,"[1101010, 948670, 1106523, 854852, 1044078]"
2149,"[1114811, 1082185, 939681, 849202, 1106523]"
2153,"[1029743, 13841744, 5592931, 1004906, 1044078]"
2154,"[1106523, 999270, 901062, 6533362, 1101010]"
2156,"[1029743, 8090537, 1016276, 1122358, 913210]"
2158,"[1044078, 892531, 913210, 868888, 1136375]"
2159,"[1106523, 1038745, 871756, 1004906, 893018]"
2160,"[953539, 951412, 1029743, 5592694, 917438]"
2161,"[1126899, 890610, 976214, 944836, 9296919]"
2162,"[6395907, 1110244, 862535, 1016276, 847241]"
2168,"[8090521, 1044078, 863447, 844179, 1120928]"
2170,"[1013928, 1029743, 957736, 7169088, 1030093]"
2171,"[1081533, 986912, 872137, 965766, 963835]"
2172,"[1029743, 995965, 1115576, 849202, 1104343]"
2173,"[1118033, 1062002, 1132771, 1105488, 1087102]"
2174,"[1029743, 985699, 8090536, 1106523, 844179]"
2179,"[883186, 1068719, 1132771, 880427, 1106523]"
2181,"[5569230, 854405, 899624, 1087102, 1126899]"
2182,"[43020, 42521, 1029743, 883003, 1004906]"
2183,"[1098248, 857503, 6034857, 1029743, 1022254]"
2184,"[1106523, 933835, 983584, 965766, 1081177]"
2185,"[820301, 919534, 885290, 8090521, 972665]"
2186,"[1106523, 1137346, 965766, 8090521, 844179]"
2188,"[1101010, 933835, 1106523, 913210, 866211]"
2189,"[1042942, 913210, 1029743, 835973, 1065979]"
2190,"[1106523, 883003, 995628, 993638, 5568378]"
2193,"[1070820, 979707, 8090537, 965766, 5569845]"
2194,"[1081177, 854852, 1046957, 843111, 845307]"
2195,"[1126899, 1055504, 880427, 1105488, 1062002]"
2196,"[1029743, 901062, 1027835, 999104, 880150]"
2197,"[1126899, 1106523, 1029743, 820923, 1070820]"
2198,"[863762, 9835619, 865026, 1013928, 901062]"
2199,"[1123022, 12384779, 1126899, 1029743, 1070820]"
2200,"[9487885, 9296919, 1106523, 916122, 899624]"
2203,"[1126899, 1070820, 1029743, 1022254, 917438]"
2204,"[1044078, 820923, 871756, 1029743, 1004906]"
2206,"[1029743, 1106523, 1121694, 1126899, 983106]"
2207,"[911311, 6034857, 916122, 1043494, 1070820]"
2208,"[5569230, 1128016, 1106271, 8090532, 1106523]"
2209,"[946839, 1098844, 885290, 1029743, 1004906]"
2211,"[1119942, 1066923, 1126899, 13073050, 1070820]"
2213,"[1126899, 979707, 1106523, 1055504, 1022254]"
2214,"[1029743, 1126899, 1106523, 14111400, 1070820]"
2215,"[1128240, 1112205, 1004906, 880150, 901062]"
2217,"[1022254, 1070820, 1004906, 854852, 1026118]"
2221,"[6533368, 7410320, 9526630, 7410321, 1094924]"
2223,"[1029743, 5580801, 1106523, 863762, 5569230]"
2224,"[7139529, 1070820, 923670, 1097761, 1031087]"
2225,"[991874, 834158, 872137, 1126899, 1070820]"
2226,"[901062, 1106523, 830245, 880150, 1006878]"
2229,"[965772, 1127716, 1034176, 839419, 880427]"
2231,"[944836, 1024306, 916122, 872137, 1070820]"
2233,"[1055425, 1081177, 1046756, 1026118, 854852]"
2234,"[1121694, 1104343, 13003092, 915493, 844179]"
2235,"[12427353, 937292, 1118623, 1138443, 857130]"
2237,"[6533936, 916122, 1130858, 976199, 1004906]"
2238,"[971983, 6391080, 1029743, 1044078, 834117]"
2240,"[5568378, 826666, 951561, 1029743, 1106523]"
2241,"[1029743, 1004906, 893018, 910032, 865705]"
2243,"[848029, 13072850, 899624, 1074333, 1004906]"
2244,"[1044078, 1029743, 9836106, 5569327, 907631]"
2245,"[1022254, 1068719, 1044078, 1004906, 6034857]"
2247,"[1042544, 1106523, 1065538, 1022254, 872137]"
2248,"[835973, 917816, 949965, 1106523, 893018]"
2250,"[12731432, 1094308, 957063, 1029743, 899624]"
2252,"[1029743, 1044078, 1104343, 844179, 1042544]"
2256,"[857503, 1117067, 1003649, 1123022, 963727]"
2257,"[1104349, 1106523, 1126465, 1106116, 1068719]"
2260,"[882604, 1029743, 865705, 872137, 957063]"
2261,"[1122358, 983584, 916122, 1106523, 926905]"
2262,"[6773232, 1019247, 13095350, 893018, 1122358]"
2263,"[5592931, 976199, 1004906, 1029743, 1022254]"
2264,"[1106271, 916122, 5566472, 1055425, 5587656]"
2266,"[12946027, 6602697, 923789, 1011926, 1026118]"
2267,"[1126899, 1091901, 8019977, 13512739, 913210]"
2269,"[5568729, 12301109, 6034857, 899624, 823704]"
2270,"[1044078, 844179, 916122, 1004906, 933835]"
2272,"[1104343, 827656, 1040807, 15596112, 1045586]"
2273,"[880427, 1029743, 1011926, 1081177, 870547]"
2274,"[1101010, 971922, 1040807, 913210, 1106523]"
2275,"[985999, 10149640, 916122, 844179, 12301100]"
2276,"[983584, 12946027, 6034857, 999104, 1071342]"
2277,"[1106523, 1051323, 893018, 6704207, 947798]"
2278,"[951412, 901062, 866211, 844179, 1070820]"
2279,"[8090537, 849697, 8090532, 13073175, 1121360]"
2280,"[1070820, 1070702, 883003, 880150, 940947]"
2281,"[1126899, 951164, 13213082, 6034857, 5569230]"
2282,"[880228, 833724, 1070820, 1019643, 1081177]"
2284,"[1009187, 901776, 916122, 9245106, 944836]"
2285,"[13956162, 9707461, 904833, 7464370, 857503]"
2287,"[1137100, 1029743, 13008065, 1106523, 1132771]"
2288,"[1126899, 1118946, 865705, 857503, 872137]"
2289,"[984680, 1029743, 913210, 865456, 966684]"
2290,"[827656, 883003, 1029743, 865456, 963727]"
2291,"[962588, 12523928, 1126899, 1106523, 1032967]"
2292,"[1029743, 865456, 948670, 1087102, 899624]"
2294,"[1082185, 1029743, 5590613, 1106523, 899624]"
2295,"[1044078, 1106523, 1068719, 899624, 854405]"
2296,"[1029743, 9245108, 1068719, 1042438, 863447]"
2297,"[1127758, 966148, 12731544, 1079987, 1106523]"
2298,"[12301100, 821741, 910032, 856252, 9469110]"
2299,"[878996, 6602697, 866211, 857503, 1091858]"
2300,"[10344585, 12301100, 1029743, 965766, 8273833]"
2301,"[1057749, 8090513, 1029743, 1013597, 961980]"
2302,"[1004906, 1029743, 893018, 823704, 1000736]"
2303,"[1029743, 1002771, 841220, 933835, 883003]"
2305,"[9835509, 1029743, 999104, 916122, 866211]"
2307,"[1070845, 1138443, 883003, 885863, 1008814]"
2310,"[933067, 883932, 12946027, 965766, 1081177]"
2312,"[1061982, 916122, 1092303, 13071902, 1022254]"
2314,"[1048257, 854852, 985999, 6463742, 1109014]"
2317,"[1082185, 1029743, 899624, 829852, 1055425]"
2319,"[1029743, 838186, 820301, 1044078, 1051516]"
2322,"[1127831, 1044259, 1110409, 1082185, 899624]"
2323,"[904236, 1029743, 1126899, 1070820, 1106523]"
2324,"[1029743, 938118, 1006878, 981086, 960732]"
2328,"[1106523, 916122, 944836, 1127831, 958208]"
2330,"[1101010, 8090536, 1132771, 872137, 6534030]"
2331,"[1029743, 1044078, 933835, 856252, 890695]"
2333,"[1029743, 901062, 1106523, 1126899, 6034857]"
2334,"[1029743, 892573, 1103105, 1087102, 1102416]"
2335,"[1029743, 823990, 896085, 933835, 1043494]"
2336,"[5585510, 1029743, 844179, 5568378, 1081177]"
2337,"[1067695, 1015539, 1106523, 1097001, 894439]"
2338,"[890695, 933835, 995965, 5569327, 957063]"
2341,"[1106523, 12301100, 1098284, 5568378, 1044078]"
2342,"[1029743, 866548, 7166865, 916122, 1016800]"
2343,"[916122, 883003, 1029743, 6534480, 1044078]"
2344,"[933835, 1106523, 899624, 1004906, 1068719]"
2345,"[1106523, 849505, 5569230, 8090521, 983584]"
2347,"[5569230, 8090521, 8090513, 1029743, 1122358]"
2349,"[836085, 1106523, 1082185, 890695, 1116741]"
2351,"[1029743, 916122, 825703, 976199, 1112205]"
2352,"[991205, 849697, 992986, 909714, 988697]"
2354,"[1126899, 866211, 8019649, 913210, 916122]"
2359,"[1106523, 960732, 1103105, 1068719, 1044078]"
2360,"[1029743, 999858, 883003, 844179, 1027068]"
2361,"[1126899, 12811532, 1053329, 865511, 1138487]"
2363,"[6602697, 1070820, 944137, 1029743, 982790]"
2364,"[1869549, 1029743, 916122, 1106523, 878996]"
2366,"[948670, 1044078, 1006184, 1012701, 12301100]"
2369,"[1029743, 1112238, 8090440, 863885, 933067]"
2370,"[1070820, 946839, 863447, 933835, 901062]"
2372,"[1029743, 8090532, 1070820, 8090536, 913210]"
2374,"[1070820, 901062, 1042907, 1137775, 1081177]"
2375,"[989069, 883932, 5585510, 1082185, 1044078]"
2376,"[1056509, 1126899, 1044078, 933835, 971922]"
2377,"[825343, 901062, 883003, 9835903, 1026984]"
2378,"[1029743, 916122, 952408, 9527323, 844179]"
2379,"[860248, 854405, 844179, 1126899, 946839]"
2380,"[1029743, 1122358, 948670, 916122, 1053016]"
2381,"[916122, 895930, 890695, 5568378, 880150]"
2386,"[1081177, 966684, 1029743, 827999, 1008074]"
2387,"[848029, 1029743, 9419563, 1106523, 1016800]"
2388,"[9833277, 854900, 1029743, 872066, 844179]"
2389,"[1029743, 12946027, 937736, 893018, 899624]"
2392,"[1068719, 5568378, 965766, 895166, 1009368]"
2393,"[6391089, 863447, 1085435, 913210, 916122]"
2394,"[851913, 849202, 1092502, 1028953, 998119]"
2395,"[1029743, 825731, 993638, 949294, 5569230]"
2400,"[851188, 1106523, 8090521, 907631, 865456]"
2401,"[1106523, 6979518, 854852, 825343, 1081177]"
2404,"[913210, 1068719, 854852, 5585510, 1081177]"
2405,"[1091383, 936914, 1005274, 6602697, 878996]"
2406,"[1126899, 1006184, 5569374, 893018, 878996]"
2407,"[1029743, 878442, 883940, 976199, 899624]"
2408,"[9527159, 1029743, 938138, 9268695, 999198]"
2410,"[1106523, 1029743, 963835, 916122, 1044078]"
2412,"[9836106, 1106523, 1068719, 5568378, 899624]"
2416,"[1098844, 849697, 12808385, 910473, 899624]"
2418,"[1072693, 9245108, 1029743, 1044078, 1100379]"
2420,"[1106523, 1121059, 12731714, 1004906, 1068719]"
2421,"[849870, 878996, 909714, 866211, 972665]"
2424,"[1072693, 6034857, 1019643, 916993, 1004906]"
2425,"[1029743, 1070820, 916122, 833940, 823775]"
2426,"[1060408, 1029743, 1044078, 1058404, 5568378]"
2427,"[856252, 845307, 916122, 1054539, 871611]"
2431,"[1106523, 1004906, 852856, 918345, 948670]"
2435,"[10198378, 12731517, 1029743, 12695224, 1081177]"
2437,"[7409618, 7409644, 831063, 862010, 1070820]"
2438,"[8090556, 892531, 892048, 15452631, 1126703]"
2440,"[1106523, 5585510, 1081177, 965766, 854405]"
2441,"[1029743, 898121, 1051211, 1004390, 5568378]"
2442,"[1126899, 5592931, 5569230, 873847, 940947]"
2445,"[844179, 933835, 1029743, 1044078, 999858]"
2446,"[941368, 1044259, 963868, 938118, 1087102]"
2447,"[1127831, 883186, 963835, 944137, 1062002]"
2448,"[1121694, 1054402, 1106523, 837304, 1004906]"
2449,"[1029743, 979707, 1126899, 868548, 1106523]"
2450,"[1022254, 1070820, 831628, 863447, 1002771]"
2451,"[1076580, 917033, 6534030, 854754, 1126899]"
2452,"[1074333, 1106523, 949023, 1127758, 1081177]"
2453,"[1106271, 1136719, 6391381, 976199, 916993]"
2455,"[1131321, 849202, 844179, 1029743, 933835]"
2456,"[951412, 1126899, 965766, 891118, 1134210]"
2457,"[901062, 933835, 896862, 976199, 933067]"
2458,"[1127831, 965842, 901062, 885290, 899624]"
2459,"[854852, 1128016, 1029743, 1004906, 1070820]"
2461,"[866871, 1110409, 883932, 947326, 839419]"
2462,"[851146, 1029743, 829852, 8293343, 6034857]"
2464,"[872137, 1083578, 916122, 886317, 1029743]"
2465,"[986912, 10344585, 890695, 856252, 883003]"
2466,"[1029743, 1106523, 7167687, 9881592, 885290]"
2467,"[833940, 1083446, 8090536, 1074754, 1126899]"
2470,"[1029743, 1106523, 859623, 961979, 9677949]"
2471,"[13008321, 1029743, 5981074, 6979437, 884945]"
2472,"[1029743, 1068719, 986912, 1105488, 948670]"
2475,"[1121384, 918598, 830245, 1070820, 1070845]"
2478,"[965766, 932949, 867547, 902172, 1051211]"
2479,"[1106523, 916122, 909714, 899624, 910032]"
2481,"[1029743, 963971, 1132771, 865705, 865456]"
2482,"[1106523, 1004906, 1029743, 1082185, 899624]"
2483,"[1105488, 1135971, 1070820, 15629834, 878996]"
2484,"[1029743, 878715, 1056509, 1127758, 899624]"
2485,"[12695224, 1006342, 971922, 906838, 910032]"
2486,"[8090521, 916122, 1029743, 12810393, 940947]"
2488,"[1070820, 5569374, 1043751, 972665, 913210]"
2489,"[1068719, 1029743, 1126899, 868548, 899624]"
2492,"[1128812, 1106523, 914577, 866755, 883003]"
2494,"[1004906, 899624, 1070820, 866211, 830245]"
2496,"[899624, 1106523, 916122, 1056509, 999858]"
2497,"[1029743, 1070820, 5590613, 1040807, 1135834]"
2498,"[1106523, 1070820, 1126899, 1100379, 999104]"
2499,"[5569327, 5568378, 1070820, 899624, 1059902]"
2500,"[1065538, 1056509, 854405, 1019643, 1068719]"
